Group,Level,Sub-Level,Description
011,,,ការដាំដុះដំណាំអាយុកាលខ្លី
,0111(1),,ការដាំដុះដំណាំធញ្ញជាតិ (លើកលែងស្រូវ) ដំណាំសណ្ដែកបន្លែ និងដំណាំសណ្ដែកប្រេង
,,01111,ការដាំដុះដំណាំពោត
,,01112,ការដាំដុះដំណាំសណ្ដែកបន្លែ(២)
,,01113,ការដាំដុះដំណាំ​សណ្ដែក​ប្រេង​(៣)
,,01114,ការដាំដុះដំណាំសណ្ដែកប្រេង(៣)
,,01119,ការដាំដុះដំណាំធញ្ញជាតិដទៃទៀត ដែលពុំ​​បាន​​រាប់​​បញ្ចូល
,0112(4),,ការដាំដុះដំណាំ​ស្រូវ
,,01120,ការដាំដុះ​ដំណាំស្រូវ
,0113(5),,ការដាំដុះដំណាំបន្លែនិងដំណាំអម្បូរត្រសក់ផ្អែម ដំណាំយកឬសនិងមើម 
,,01131,ការ​ដាំ​ដុះ​ដំណាំបន្លែ​យកដើម​​​ និង​សឹ្លក ​​(៦)​
,,01132,ការ​ដាំ​ដុះដំណាំ​​បន្លែ​យក​ផ្លែ (៧)
,,01133,ការ​ដាំ​ដុះ​ដំណាំ​អម្បូរ​​​ត្រសក់​ផ្អែម​ (៨)
,,01134,ការ​ដាំដុះដំណាំ​ផ្សិត
,,01135,​ការ​ដាំដុះ​ដំណាំបន្លែ​គ្រាប់
,,01136,ការ​ដាំដុះ​ដំណាំបន្លែ​គ្រាប់​ផ្សេងទៀត​
,,01137,ការដាំដុះ​ដំណាំ​យក​​ឫស ឬមើម(៩)
,0114,,ការ​ដាំ​ដុះដំណាំ​អំពៅ
,,01140,ការ​ដាំ​ដុះដំណាំ​អំពៅ
,0115,,ការដាំដុះដំណាំថ្នាំជក់
,,01150,ការដាំដុះដំណាំថ្នាំជក់
,0116(1),,ការដាំដុះដំណាំសរសៃ 
,,01160,ការដាំដុះ​ដំណាំកប្បាស និងដំណាំ​សរសៃដទៃទៀត​
,0119​​(2),,ការដាំដុះដំណាំរយៈពេលខ្លីដទៃទៀត
,,01191,ការដាំដុះដំណាំផ្កា រាប់ទាំងផលិតកម្ម​​ផ្កាដែល​កាត់​ពីដើម ក្រពុំ​ផ្កា និង​គ្រាប់​ផ្កា​
,,01192,ការដាំដុះដំណាំសាគូ
,,01199,ការដាំដុះដំណាំរយៈពេល​​ខ្លីដទៃទៀត ដែលពុំ​បានរាប់បញ្ចូល​
012,,,ការដាំដុះដំណាំអចិន្ត្រៃយ៍
,0121,,ការដាំដុះដំណាំទំពាំងបាយជូរ
,,01210,ការដាំដុះដំណាំទំពាំងបាយជូរ (៣)
,0122,,ការដាំដុះដំណាំផ្លែឈើតំបន់ត្រូពិច និងអនុតំបន់ត្រូពិច
,,01221,ការដាំដុះដំណាំចេក
,,01222,ការដាំដុះដំណាំស្វាយ
,,01223,ការដាំដុះដំណាំធុរេន​
,,01224,ការដាំដុះដំណាំសាវម៉ាវ
,,01225,ការ​ដាំដុះដំណាំមៀន
,,01226,ការដាំដុះដំណាំល្ហុង
,,01227,ការដាំដុះដំណាំម្នាស់
,,01228,ការដាំដុះដំណាំស្រកានាគ
,,01229,ការដាំដុះផ្លែឈើតំបន់ត្រូពិច និងអនុតំបន់ត្រូពិចដទៃទៀត ដែលពុំបានរាប់បញ្ចូល (១)
,0123,,ការដាំដុះដំណាំក្រូច
,,01231,ការដាំដុះក្រូចថ្លុង
,,01232,ការដាំដុះក្រូចឆ្មារ
,,០1233,ការដាំដុះក្រូចឃិ្វច និងក្រូចពោធិ៍សាត់
,,01239,ការដាំដុះដំណាំក្រូចដទៃទៀត ដែលពុំបានរាប់បញ្ចូល​
,0124,,ការដាំដុះដំណាំហូបផ្លែ និងមានគ្រាប់
,,01241,ការដាំដុះត្របែក
,,01249,ការដាំដុះដំណាំហូបផ្លែ និងមានគ្រាប់ដទៃទៀត ដែលពុំបានរាប់បញ្ចូល
,0125(2),,ការដាំដុះដំណាំហូបផ្លែនិងគ្រាប់ ប្រភេទដើមឈើនិងចុល្លព្រឹក្សដទៃទៀត
,,01251,ការដាំដុះដំណាំ​ហូប​ផ្លែ​(៣) 
,,01252,ការដាំដុះ​ដំណាំហូប​គ្រាប់
,,01253,ការដាំដុះសា្វយចន្ទី​ និង​គ្រាប់​ផ្លែ​ឈើ​ដែលអាចហូបបានដទៃ​ទៀត
,,01259,ការដាំដុះ​ដំណាំ​ហូប​ផ្លែ​ ប្រភេទ​​​ដើមឈើ​និង​​​ចុល្ល​ព្រឹក្ស​​​​​​ដទៃទៀត(៤)
,0126(5),,ការដាំដុះដំណាំផ្លែដែលមានជាតិប្រេង 
,,01261,ការដាំដុះដំណាំដូងប្រេង (ចម្ការធំ និងចម្ការតូច)
,,01262,ការដាំដុះដំណាំដូង (ចម្ការធំ និងចម្ការតូច)
,0127,,ការដាំដុះដំណាំសម្រាប់ផលិតភេសជ្ជ:
,,01271,ការដាំដុះដំណាំកាហ្វេ
,,01272,ការដាំដុះដំណាំតែ
,,01273,ការដាំដុះដំណាំកាកាវ
,,01279,ការដាំដុះដំណាំសម្រាប់ផលិតភេសជ្ជ:ដទៃទៀត ដែលពុំបានរាប់បញ្ជូល
,0128,,ការដាំដុះរុក្ខជាតិគ្រឿងទេស រុក្ខជាតិយកក្លិន និងរុក្ខជាតិឱសថនិងថ្នាំពុល
,,01281,ការដាំដុះដំណាំ​​​ម្រេច
,,01282,ការ​ដាំ​ដុះ​​​​​ដំណាំម្ទេស​
,,01283,ការដាំដុះដំណាំ​​​ចន្ទន៍​គ្រឹះ​ស្នា​
,,01284,ការដាំដុះ​ដំណាំខ្ញី
,,01285,ការដាំដំណាំរុក្ខជាតិប្រើជាចម្បងសម្រាប់ធ្វើទឹកអប់ ឱសថឬថ្នាំសម្លាប់សត្វល្អិត ថ្នាំសម្លាប់ផ្សិត ឬសម្រាប់គោលបំណងស្រដៀងគ្នា(១)
,,01289,ការដាំដុះ​រុក្ខជាតិ​គ្រឿង​ទេស ​និង​រុក្ខ​ជាតិ​យក​​ក្លិន​​​ដទៃ​ទៀត ដែលពុំ​បាន​រាប់​បញ្ចូល​ (២)
,0129,,ការដាំដុះដំណាំអចិន្ត្រៃយ៍ដទៃទៀត
,,01291,ការដំដុះដំណាំកៅស៊ូ (ចម្ការធំ)
,,01292,ការដំដុះដំណាំកៅស៊ូ (ចម្ការតួច)
,,01293,ការដាំដុះដំណាំដើមឈើដើម្បី​ដកយករុក្ខរស(៣)
,,01294,ការដាំដុះដំណាំដើមត្នោត​​​
,,01295,ការដាំដុះដំណាំដើម​ស្លា
,,01296,ការដាំដុះដំណាំដើមរ៉ូហ្សែល
,,01299,ការដាំដុះដំណាំ​អាយុ​កាល​​វែងដទៃទៀត ដែលពុំបានរាប់បញ្ចូល​(៤)
013,,,ការបណ្តុះរុក្ខជាតិ
,0130(5),,ការបណ្តុះរុក្ខជាតិ
,,01301,ការបណ្តុះរុក្ខជាតិដោយគ្រាប់(៦)
,,01302,ការបណ្តុះរុក្ខជាតិ​​ដោយ​វិធី​សាស្ត្រ​ដទៃទៀត(៧)
014,,,ផលិតកម្ម​សត្វ
,0141​(1),,ការចិញ្ចឹមគោ និងក្របី
,,01411,ការចិញ្ចឹម ការបង្កាត់​​ពូជ និង​ផលិតកម្ម​​​គោ​​និង​​ក្របី​
,,01412,ផលិតកម្មទឹកដោះគោស្រស់ពីគោឬក្របី
,,01413,ផលិតកម្ម​ទឹក​កាមគោឬ​​​ក្របី​
,0142(2),,ការចិញ្ចឹមសេះ និងសត្វក្នុងអម្បូរដូចគ្នាដ៏ទៃទៀត
,,01420,ការចិញ្ចឹម និង​ការ​បង្កាត់​ពូជ​សេះ លា សេះទេស ឬលា​ទេស​​
,0144(3),,ការចិញ្ចឹមចៀម និងពពែ
,,01441,ការចិញ្ចឹម ការ​បង្កាត់​ពូជ និង​ផលិតកម្ម​​​ចៀម និងពពែ
,,01442,ការផលិតទឹកដោះស្រស់​​របស់​សត្វ​ចៀម និងពពែ
,0145,,ការចិញ្ចឹមជ្រូក
,,01450,ការចិញ្ចឹម ការបង្កាត់ពូជ និងផលិតកម្មជ្រូក
,0146(4),,ការចិញ្ចឹមបសុបក្សី
,,01461,ការចិញ្ចឹម ការ​បង្កាត់ពូជ និងផលិតកម្ម​​កូនមាន់ និង​មាន់សម្រាប់​យកសាច់
,,01462,ការចិញ្ចឹម ការ​បង្កាត់ពូជ និងផលិតកម្ម​​ទា
,,01463,ការចិញ្ចឹម ការ​បង្កាត់ពូជ និងផលិតកម្ម​​ក្ងាន
,,01464,ការចិញ្ចឹម ការ​បង្កាត់ពូជបសុបក្សីដទៃទៀត ដែល​ពុំ​​បានរាប់​បញ្ចូល
,,01465,ផលិតកម្ម​ស៊ុតមាន់
,,01466,ផលិតកម្មស៊ុតទា
,,01469,ផលិតកម្មស៊ុតបសុបក្សីដទៃទៀត ដែលពុំ​បាន​រាប់​បញ្ចូល
,0149(1),,ការចិញ្ចឹមសត្វប្រភេទដទៃទៀត
,,01491,ដំណើរការកន្លែងចិញ្ចឹមសិប្បីសត្វ​ ដូច​ជា ខ្យង។ល។
,,01492,ការចិញ្ចឹមដង្កូវនាង និងផលិតកម្មសម្បុក​ដង្កូវនាង
,,01493,ការចិញ្ចឹម​​ឃ្មុំ និងផលិតកម្មទឹកឃ្មុំ​និង​ក្រមួន​ឃ្មុំ
,,01499,ការចិញ្ចឹម​សត្វដទៃ​ទៀត​ រាប់​​​​​ទាំងសត្វប្លែកៗ និង​សត្វ​មាន​ជីវិត​ដទៃ​​ទៀត(២)
016,,,សកម្មភាពគាំទ្រ ដល់កសិកម្មនិងការងារក្រោយប្រមូលផលដំណាំ
,0161(3),,សកម្មភាពគាំទ្រដល់ផលិតកម្មដំណាំ
,,01610,សកម្មភាពកសិកម្ម​តាម​ការ​បង់​ថ្លៃ​ឈ្នួល​ជាក់​ស្ដែង ឬ​តាម​កិច្ចសន្យា(៤)
,0162(1),,សកម្មភាពគាំទ្រដល់ផលិតផលកម្មសត្វ
,,01620,សកម្មភាព​គាំទ្រ​ដល់​​ផលិតកម្ម​សត្វ តាម​ការ​បង់​ថ្លៃ​ឈ្នួល​ជាក់​ស្ដែង ឬ​តាម​កិច្ចសន្យា (២)
,0163(3),,សកម្មភាពក្រោយប្រមូលផលដំណាំ
,,01630,ការរៀបចំ​ផល​ដំណាំ​សម្រាប់​​ទីផ្សារ បន្ទាប់​ពី​​ប្រមូលផល​រួច​(៤)
,0164(5),,ការកែច្នៃគ្រាប់ពូជសម្រាប់បណ្ដុះ
,,01640,ការកែច្នៃគ្រាប់​ពូជសម្រាប់​បណ្ដុះ​​​
017,,,ការប្រមាញ់ ការដាក់អន្ទាក់ និងសកម្មភាពសេវាកម្មដែលទាក់ទង
,0170​​(1),,ការប្រមាញ់ ការដាក់អន្ទាក់ និងសកម្មភាពសេវាកម្មដែលទាក់ទង
,,01700,ការប្រមាញ់ ការដាក់អន្ទាក់ និងសកម្មភាព​សេវាកម្ម​ដែលទាក់ទង
021,,,វនវប្បកម្ម និង​សកម្មភាពរុក្ខកម្មដទៃទៀត
,0210​(1),,វនវប្បកម្ម និង​សកម្មភាពរុក្ខកម្មដទៃទៀត
,,02100,ការដាំព្រៃឈើរាប់បញ្ចូលទាំងការដាំដុះដើមឈើ​(២)
022,,,ការកាប់ឈើ​
,0220(3),,ការកាប់ឈើ​
,,02200,ការកាប់ឈើ​
023,,,ការប្រមូលអនុផលព្រៃឈើ
,0230(4),,ការប្រមូលអនុផលព្រៃឈើ
,,02300,ការប្រមូលអនុផលព្រៃឈើ(៥)
24,,,សេវាកម្មគាំទ្រដល់សកម្មភាពរុក្ខកម្ម​
,0240(6),,សេវាកម្មគាំទ្រដល់សកម្មភាពរុក្ខកម្ម​
,,02400,សេវាកម្មគាំទ្រដល់សកម្មភាពរុក្ខកម្ម​(៧)
031,,,ការនេសាទ
,0311(1),,ការនេសាទដែនទឹកប្រៃ
,,03111,ការ​នេសាទ​ត្រី​សមុទ្រ​(២)
,,03112,ការនេសាទបង្គា​
,,03113,ការ​នេសាទ​ក្តាម​សមុទ្រ​
,,03114,ការ​នេសាទ​ត្រីមឹក 
,,03115,ការប្រមូល​សម្បក​​​សិប្បី​សត្វ​សមុទ្រ និងគុជខ្យង​​
,,03119,ការនេសាទត្រីសមុទ្រ​ដទៃ​ទៀត​ ដែល​ពុំ​បានរាប់បញ្ចូល
,0312(3),,ការនេសាទក្នុងដែនទឹកសាប
,,03121,ការ​នេសាទត្រីទឹកសាប
,,03122,ការនេសាទបង្កងទឹកសាប​ បង្គា និង​សត្វអម្បូរ​​​សម្បក​​រឹង​​ដទៃទៀត​
,,03129,ការនេសាទត្រីទឹកសាប​ដទៃ​ទៀត ដែលពុំ​បានរាប់បញ្ចូល
032,,,វារីវប្បកម្ម 
,0321(1),,វារីវប្បកម្មក្នុងទឹកប្រៃ
,,03211,ការ​​ចិញ្ចឹមត្រី​ក្នុង​ទឹកសមុទ្រ(២)
,,03212,ផលិតកម្ម​​កូន​​​សត្វ​ពពួក​គ្រំ​​​​​(អ័យ​ស័្ទរ គ្រំចំពុះទា ។ល។) ​កូនបង្កង ​កូន​​បង្គា​ កូន​ត្រី​​
,,03213,ការដាំដុះ​សារាយ​សមុទ្រ ​និង​រុក្ខជាតិ​ផ្សេង​ទៀត​​ដែលអាចញ៉ាំបាន​
,,03214,ការ​ចិញ្ចឹម​​សត្វ​​អម្បូរ​សម្បក​រឹង ពពួកគ្រំ​និង​សិប្បីសត្វ​ផ្សេង​ទៀត​ និង​វារីសត្វ​​សមុទ្រ​ដទៃ​ទៀត​
,,03215,សកម្មភាពវារី​​វប្បកម្ម​នៅក្នុងទឹកភ្លាវ ​
,,03219,វារី​​វប្បកម្ម​ក្នុង​ទឹកប្រៃ​​ដទៃ​ទៀត ដែល​ពុំ​​បានរាប់បញ្ចូល
,0322(3),,វារីវប្បកម្មក្នុងទឹកសាប 
,,03221,ការចិញ្ចឹមត្រីនៅក្នុងទឹកសាប
,,03222,ការចិញ្ចឹមបង្កា បង្កងទឹកសាប នៅក្នុងទឹកសាប
,,03223,ការចិញ្ចឹមក្រពើ និងក្រពា
,,03224,វារី​​វប្បកម្ម​ក្នុង​ទឹកសាប សម្រាប់តាំងលម្អ
,,03225,ការចិញ្ចឹមកង្កែប
,,03229,វារីវប្បកម្មក្នុងទឹកសាបដទៃទៀត ដែលពុំបានរាប់បញ្ចូល
051,,,អាជីវកម្ម​​រ៉ែធ្យូងថ្ម
,0510(1),,អាជីវកម្ម​​រ៉ែធ្យូងថ្ម
,,05100,អាជីវកម្ម​​រ៉ែធ្យូងថ្ម
052,,,អាជីវកម្ម​​រ៉ែធ្យូងភក់
,0520(2),,អាជីវកម្ម​​រ៉ែធ្យូងភក់
,,05200,អាជីវកម្ម​​រ៉ែធ្យូងភក់​
061,,,ផលិតកម្មប្រេងឆៅ
,0610(1),,ផលិតកម្មប្រេងឆៅ
,,06100,ផលិតកម្មប្រេងឆៅ
062,,,ផលិតកម្មឧស្ម័នធម្មជាតិ
,0620(2),,ផលិតកម្មឧស្ម័នធម្មជាតិ
,,06200,ផលិតកម្មឧស្ម័នធម្មជាតិ
071,,,អាជីវកម្ម​រ៉ែដែក
,0710,,អាជីវកម្ម​រ៉ែដែក
,,07100,អាជីវកម្ម​រ៉ែដែក
072,,,អាជីវកម្មរ៉ែលោហ:ដែលមិនមែនដែក
,0729(1),,អាជីវកម្មរ៉ែលោហ:ដែលមិនមែនដែក
,,07291,អាជីវកម្ម​​រ៉ែ​សំណប៉ាហាំង 
,,07292,អាជីវកម្ម​រ៉ែទង់ដែង 
,,07293,​អាជីវកម្ម​​រ៉ែអាលុយមីញ៉ូមបុកស៊ីត 
,,07294,អាជីវកម្ម​រ៉ែ​ទីតានី​ញ៉ូម​អុក​ស៊ីត​
,,07295,អាជីវកម្មរ៉ែមាស
,,07299,អាជីវកម្មរ៉ែអលោហៈដទៃទៀតដែលពុំបានរាប់បញ្ចូល(២)
081,,,ប្រតិបត្តិការទាញយកថ្ម ខ្សាច់ និងដី​ឥដ្ឋ
,0810(1),,ប្រតិបត្តិការយកថ្ម ខ្សាច់ និងដី​ឥដ្ឋ
,,08101,សកម្មភាពទាញយក បំបែក កាត់ និងអារនូវ​ផ្ទាំង​ថ្ម​​​​និង​ថ្ម​​សម្អាង​ ដូច​ជា ថ្ម​ម៉ាប ថ្ម​ក្រានីត ថ្មសំណង់ ខ្សាច់សំណង់និងដីល្បាយខ្សាច់ ។ល។
,,08102,សកម្មភាព​អាជីវកម្មថ្មកំបោរ
,,08103,សកម្មភាព​ទាញ ខ្សាច់​សម្រាប់​បម្រើក្នុងវិស័យឧស្សាហកម្ម និងសំណង់
,,08104,សកម្មភាព​ទាញយក​ថ្ម​​និង​គ្រួស
,,08105,សកម្មភាព​យក​ខ្សាច់​ប្រភេទ​ផ្សេង​ទៀត(២)
,,08106,សកម្មភាព​​​យក​ដី​ឥដ្ឋ
089,,,ប្រតិបត្កិការធនធានរ៉ែ ដទៃទៀតដែលពុំបានរាប់បញ្ជូល
,0891(1),,សកម្មភាពអាជីវកម្មរ៉ែគីមីនិងរ៉ែសម្រាប់ធ្វើជីកសិកម្ម 
,,08911,សកម្មភាព​យក​រ៉ែផូហា្វតធម្មជាតិ 
,,08912,សកម្មភាពយក​រ៉ែ​បូរ៉ាត់​ធម្មជាតិ រ៉ែ​ម៉ាញ៉េស្យូម​ស៊ុលហ្វាត​​ធម្មជាតិ 
,,08913,សកម្មភាព​យក​រ៉ែ​ដែល​មាន​ពណ៌ដី រ៉ែ​ដែល​មាន​ធាតុ​កាល់​ស្យូម​ហ្វ្ល​រ៉ាយ និង​​រ៉ែ​ប្រភេទ​ផ្សេង​ទៀត​ ដែល​មាន​​ប្រយោជន៍​ខាង​ធ្វើ​ជា​សារធាតុ​គីមី​
,0892(2),,សកម្មភាព​​​ជីក​យក​រុក្ខជាតិ​រលួយ​(ដែល​​ប្រើ​សម្រាប់​ធ្វើ​ជី​ឬ​ដុត​ជំនួស​ធ្យូង)
,,08920,សកម្មភាព​​​ជីក​យក​រុក្ខជាតិ​រលួយ​(ដែល​​ប្រើ​សម្រាប់​ធ្វើ​ជី​ឬ​ដុត​ជំនួស​ធ្យូង)
,0893(3),,សកម្មភាពផលិតអំបិល
,,08931,សកម្មភាពផលិតអំបិលពីទឹកសមុទ្រឬប្រភពទឹកប្រៃដទៃទៀត
,,08932,សកម្មភាពបំបែក បន្សុទ្ធ និងរែងយកអំបិល របស់ផលិតករអំបិល
,0899,,សកម្មភាព​ផ្សេង​ទៀត​ នៃ​ប្រតិបត្តិការ​និង​អាជីវកម្ម​ធនធាន​រ៉ែ ដទៃ​ទៀត​ដែល​ពុំបានរាប់​បញ្ចូល
,,08991,សកម្មភាពយករ៉ែ​ធ្យូង​​ធម្ម​ជាតិ​ សម្រាប់​ធ្វើ​ខ្មៅ​ដៃ
,,08992,សកម្មភាពយក​រ៉ែ​ត្បូង​ថ្ម​មាន​តម្លៃ​
,,08999,សកម្មភាព​ផ្សេង​ទៀត​ នៃ​ប្រតិបត្តិការ​និង​អាជីវកម្ម​ធនធាន​រ៉ែ ដទៃ​ទៀត​ដែល​ពុំបានរាប់​បញ្ចូល(៤)
091,,,សកម្មភាព​គាំ​ទ្រ​សម្រាប់​​ផលិតកម្ម​​ប្រេងកាត
,0910(1),,ផលិតកម្ម​​ប្រេងកាត
,,09100,ផលិតកម្ម​​ប្រេងកាត(២)
099,,,សកម្មភាពគាំទ្រសម្រាប់ប្រតិបត្តិការធនធានរ៉ែផ្សេងទៀត
,0990(3),,សកម្មភាពគាំទ្រសម្រាប់ប្រតិបត្តិការធនធានរ៉ែផ្សេងទៀត
,,09900,សេវាគាំទ្រដោយផ្អែកលើការបង់ថ្លៃឈ្នួលសេវាកម្មឬតាមកិច្ចសន្យាព្រមព្រៀងគ្នារវាងអ្នកជួល និងអ្នកផ្ដល់សេវានៃផ្នែក ០៥ ០៧ និង ០៨ (៤)
101,,,ការកែឆ្នៃ និងថែរក្សាទុកសាច់
,1010,,សត្ដឃាត និងការវេចខ្ចប់ (លើកលែងបសុបក្សី)
,,10101,សត្ដឃាត និងការវេចខ្ចប់​សាច់គោ និង​សាច់​ក្របី
,,10102,សត្តឃាត​ និងការវេចខ្ចប់​សាច់ជ្រូក
,,10109,សត្តឃាត​ និងការវេចខ្ចប់​សាច់ ដែលពុំ​បានរាប់បញ្ចូល
,1011,,សត្ដឃាត និងការវេចខ្ចប់សាច់បសុបក្សី
,,10111,សត្ដឃាត និងការវេចខ្ចប់សាច់មាន់
,,10112,សត្ដឃាត និងការវេចខ្ចប់សាច់ទា
,,10113,សត្ដឃាត និងការវេចខ្ចប់សាច់ក្រួច
,,10119,សត្ដឃាតនិងការវេចខ្ចប់សាច់​បក្សា​បក្សី​ដែលពុំ​បាន​រាប់​បញ្ចូល
,1012,,ការកែឆ្នៃ និងថែរក្សាសាច់និងផលិតផលសាច់សត្វបសុបក្សី
,,10121,ផលិតកម្ម​​សាច់បង្កក
,,10122,ផលិតកម្ម​សម្ងួត​ ប្រឡាក់​ ឬ​ឆ្អើរ​សាច់​
,,10123,ផលិតកម្ម​​សាច់អាំង​
,,10124,ផលិតកម្ម​ផ្អកសាច់
,,10125,ផលិតកម្ម​សាច់ក្រក
,,10126,ផលិតកម្ម​​ប្រហិត
,,10129,ការ​កែ​ច្នៃ​​ និង​​ការ​រក្សាសាច់និងផលិតផលសាច់​សត្វ​បសុ​បក្សី ដទៃ​ទៀត​ដែល​ពុំបានរាប់បញ្ចូល
102,,,ការកែច្នៃនិងរក្សាទុក​សាច់ត្រី សន្ដវន្តសត្វ(បង្កង ក្ដាម) និងសិប្បីសត្វ(ខ្យង គ្រំ)
,1020,,ការកែច្នៃនិងការរក្សាទុក នូវសាច់ត្រីនិងផលិតផលត្រី (ស្រស់ បង្កក ឬក្លាសេ)
,,10201,​ការកែច្នៃនិងការថែរក្សាទុក​សាច់ត្រីទុក​ដោយ​ក្លាសេ​ ក្លាសេ​ក្នុង​កម្រិត​ខ្ពស់​
,,10202,ផលិតកម្ម​សម្ងួត ប្រឡាក់ ឬឆ្អើរ​ត្រី​
,,10203,ផលិតកម្ម​​ប្រហុកផ្អក
,,10204,ផលិតកម្ម​ប្រហិតត្រី 
,,10209,ការ​កែ​ច្នៃ​ និង​ការ​រក្សាទុក​​​សាច់​ត្រី​ និង​ផលិត​ផលសាច់​​ត្រី​ សាច់​ត្រី​​ស្រស់ បង្កក ឬ​​ក្លាសេ​ ដែលពុំ​បានរាប់បញ្ចូល
,1021,10210,ផលិតកម្ម​ត្រីខកំប៉ុង
,1022,10220,ការ​កែ​ច្នៃ និង​ការ​ថែ​រក្សា​ សន្តវន្តសត្វ​(បង្កង ក្ដាម) និង​សិប្បីសត្វ​(ខ្យង​ គ្រំ)​ ​
,1023,10230,ផលិតកម្ម​​​ សន្តវន្តសត្វ និង​សិប្បីសត្វកំប៉ុង
,1024,10250,ផលិតកម្ម​ និង​ការ​កែ​ច្នៃសារ៉ាយ​សមុទ្រ​
,1029,,ការ​កែ​ច្នៃ​និង​​​រក្សាទុក សាច់់ត្រីនិង​​ផលិតផលគ្រឿងសមុទ្រ​ ​ដទៃ​ទៀត​ដែលពុំ​បានរាប់បញ្ចូល
,,10291,ការ​កែច្នៃ​ផលិតផលគ្រឿង​សមុទ្រ​ចំហុយ​
,,10292,ផលិតកម្ម​ត្រីសមុទ្រក្រៀម (បង្គារ មឹក) 
,,10293,ផលិត​កម្ម​កាពិ
,,10299,ការ​កែ​ច្នៃ​និង​​​រក្សាទុក ​​ផលិតផលត្រី​និង​​គ្រឿងសមុទ្រ​ ​ដទៃ​ទៀត​ដែលពុំ​បានរាប់បញ្ចូល
103,,,ការកែច្នៃនិងការរក្សាទុក​ ផ្លែឈើនិងបន្លែ
,1030,,ការកែច្នៃនិងការរក្សាទុក​ ផ្លែឈើនិងបន្លែ
,,10301,ការកែច្នៃនិងការរក្សាទុក​ផ្លែឈើ
,,10302,ការកែច្នៃនិងការរក្សាទុក​បន្លែ
,,10303,ការកែច្នៃនិងការរក្សាទុកគ្រាប់ផ្លែឈើក្រៀម
,,10309,ការកែច្នៃនិងការរក្សាទុក ​ផ្លែឈើនិង​បន្លែ​ ដទៃ​ទៀត​ដែល​ពុំ​បាន​រាប់បញ្ចូល
,1031,,ផលិតកម្មផ្លែឈើនិងបន្លែច្រកកំប៉ុង
,,10311,ផលិត​កម្ម​បន្លែច្រក​កំប៉ុង 
,,10312,ផលិតកម្ម​ផ្លែឈើច្រក​កំប៉ុង
,1032,,ផលិតកម្មទឹកផ្លែឈើឬទឹកបន្លែ
,,10321,ផលិតកម្មទឹកផ្លែឈើ
,,10322,ផលិតកម្មទឹកបន្លែ
,1039,,ផលិតកម្មទឹក​​​ផ្លែឈើឬទឹកបន្លែ ដទៃ​​ទៀត​ដែល​ពុំ​បាន​រាប់បញ្ចូល
,,10391,ផលិតកម្ម​ផលិតផល​​សណ្ដែកសៀង​ផ្អាប់​
,,10392,ផលិតកម្ម​តៅហ៊ូ 
,,10399,ផលិតកម្ម​​ផលិត​ផល​ផ្លែឈើ ឬបន្លែ ដទៃ​​ទៀត​ដែល​ពុំ​បាន​រាប់បញ្ចូល
104,,,កម្មន្តសាលប្រេងនិងខ្លាញ់ ដែលបានពីបន្លែនិងសត្វ
,1040,,កម្មន្តសាលប្រេងនិងខ្លាញ់ ដែលបានពីបន្លែនិងសត្វ (លើកលែងប្រេងដូងប្រេង ប្រេងដូង និងប្រេងពោត)
,,10401,កម្មន្ដសាល​ប្រេងដែល​បាន​ពីបន្លែ
,1041,10410,កម្មន្ដសាល​ប្រេង​ដូង នំធ្វើពីសាច់ដូងស្ងួតអាហារ និង​​នំ​គ្រាប់​តូចៗ​ធ្វើ​ពី​សាច់​ដូង
,1042,10420,កម្មន្ដសាល​ប្រេងពី​ដូងប្រេង
,1043,10430,កម្មន្ដសាល​ប្រេងពោត
,1044,10440,កម្មន្ដសាល​ប្រេង និង​​ខ្លាញ់​ដែល​បាន​ពីសត្វ 
,1049,10490,កម្មន្ដសាល​ប្រេង និង​ខ្លាញ់​​ដែល​បាន​ពីបន្លែនិង​សត្វ​ ដទៃ​​ទៀត​ដែលពុំ​បានរាប់បញ្ចូល
105,,,កម្មន្តសាលផលិតផលធ្វើពីទឹកដោះគោ
,1050,10500,ការកែ​ច្នៃ​ទឹកដោះគោស្រស់​និង​កម្មន្ដសាល​នៃ​​ក្រែម​
,1051,10510,កម្មន្តសាលទឹកដោះម្សៅនិងទឹកដោះគោខាប់ឬទឹកដោះគោបង្ហួត (បំពេញផ្សំបញ្ចូលគ្នាឬលាយសារឡើងវិញ)
,1052,,កម្មន្តសាលការ៉េមនិងការរ៉េមប្រអប់ទឹកកកអនាម័យ ការរ៉េមដើមនិងទឹកកករសជាតិដទៃទៀត
,,10521,កម្មន្ដសាលការ៉េម
,,10522,កម្មន្ដសាលការ៉េមប្រអប់ទឹកកក ការ៉េមដើម និងទឹកកករសជាតិដទៃទៀត
,,10529,កម្មន្ដសាលការ៉េមការ៉េមប្រអប់ទឹកកកអនាម័យការ៉េមដើម និងទឹកកករសជាតិដទៃទៀត ដែលពុំបានរាប់បញ្ចូល
,1053,10530,កម្មន្ដសាល​ផលិតផលពីទឹកដោះគោ​ដទៃទៀតដែលពុំ​បានរាប់​បញ្ចូល
106,,,កម្មន្តសាលផលិតផលពីការកិនគ្រាប់ធញ្ញាជាតិម្សៅ អាមីដុង និងផលិផលធ្វើពីម្សៅអាមីដុង
,1061,,កម្មន្ដសាល​ ផលិតផល​ពី​ការ​កិនគ្រាប់ធញ្ញជាតិ (លើកលែងអង្ករ/ពោត)
,,10611,ការកែច្នៃគ្រាប់ធញ្ញជាតិដែល​បាន​កិន លើក​លែង​អង្ករ​/ពោត​
,,10619,កម្មន្ដសាល​ ផលិតផល​ពី​ការ​កិនគ្រាប់ធញ្ញជាតិដទៃ​ទៀត (លើកលែងអង្ករ/ពោត)​ ដែលពុំ​បានរាប់បញ្ចូល
,1062,,កម្មន្តសាលម្សៅអាមីដុងនិងផលិតផលពីម្សៅអាមីដុង (លើកលែងអង្ករ/ពោត)
,,10621,កម្មន្ដសាល​ម្សៅ​
,,10622,កម្មន្ដសាល​ផលិតផលធ្វើពីម្សៅ​
,,10629,កម្មន្ដសាលម្សៅអាមីដុងនិងផលិតផលធ្វើពីម្សៅអាមីដុង ដទៃទៀត (លើកលែងអង្ករ/ពោត)ដែលពុំបានរាប់បញ្ចូល
,1063,,ការកិនអង្ករ/ពោតនិងកម្មន្តសាលម្សៅពីអង្ករ/ពោត
,,10631,ការកិនស្រូវ
,,10632,ការកិនពោត
,,10633,កម្មន្ដសាល​​ម្សៅ​ពី​អង្ករ/ពោត
107,,,កម្មន្តសាលនៃផលិតផលអាហារផ្សេងទៀត
,1071,,កម្មន្តសាលនំដុត
,,10711,កម្មន្ដសាល​នំប៉័ង
,,10712,កម្មន្ដសាល​នំខេក​និង/ឬអាហារសម្រន់
,,10719,កម្មន្ដសាល​​នំដុតដទៃទៀត​ដែល​ពុំ​បាន​រាប់បញ្ចូល
,1072,,កម្មន្តសាលស្ករ
,,10721,កម្មន្ដសាល​ស្ករត្នោត
,,10722,កម្មន្ដសាល​ស្ករស/ស្ករអំពៅ
,,10729,កម្មន្ដសាល​ស្ករ ដទៃទៀតដែលពុំ​បានរាប់បញ្ចូល
,1073,10730,កម្មន្ដសាល​កាកាវសូកូឡានិងស្ករគ្រាប់​
,1074,,កម្មន្តសាលមីម៉ាការ៉ូនី មីសរសៃ មីកូស្កស និងផលិតផលម្សៅមីស្រដៀងគ្នា
,,10741,កម្មន្ដសាល​គុយទាវ
,,10742,កម្មន្ដសាល​មី​
,,10749,កម្មន្តសាល​​មីម៉ាការ៉ូនី​ មី​សរសៃ មី​កូស្កស​ និង​​ផលិត​ផល​​ម្សៅ​មី​​ស្រដៀង​គ្នានោះ​ដទៃទៀតដែល​ពុំ​​បាន​រាប់​បញ្ចូល
,1075,10750,កម្មន្ដសាល​អាហារ​រៀប​ចំរួច និង​អាហារ​វេចខ្ចប់​ដាក់​ចាន​
,1076,,កម្មន្តសាលកាហ្វេតែនិង​ឱសថរុក្ខជាតិ​​សម្រាប់ឆុង
,,10761,កម្មន្ដសាល​កាហ្វេ
,,10762,កម្មន្ដសាល​តែ
,,10769,កម្មន្ដសាល​កាហ្វេតែនិងឱសថរុក្ខជាតិ​​ដែលពុំ​បានរាប់បញ្ចូល
,1077,,កម្មន្តសាលគ្រឿងទេសដែលបានកែច្នៃ ទឹកជ្រលក់គ្រឿងផ្សំផ្សេងៗ និងផលិតផលសម្រាប់ធ្វើម្ហូបផ្សេងទៀត
,,10771,កម្មន្ដសាល​គ្រឿងទេសដែល​បាន​កែ​ច្នៃ​​ និង​គ្រឿង​ផ្សំផ្សេងៗ​
,,10772,កម្មន្ដសាល​ទឹកជ្រលក់
,,10773,កម្មន្ដសាល​ទឹកខ្មេះ
,,10779,កម្មន្ដសាល​​គ្រឿងទេសដែល​បាន​កែ​ច្នៃ​ទឹកជ្រលក់គ្រឿង​​ផ្សំផ្សេងៗ​ និងផលិតផលសម្រាប់​ធ្វើ​ម្ហូប​ដទៃ​ទៀត​ដែល​​ពុំ​បាន​រាប់​បញ្ចូល
,1079,10790,កម្មន្ដសាល​ផលិតផលចំណីអាហារផ្សេងទៀត ដែល​ពុំ​បាន​​រាប់​បញ្ចូល
108,,,កម្មន្តសាលចំណីសត្វសម្រេច
,1080,,កម្មន្តសាលចំណីសត្វសម្រេច
,,10801,កម្មន្ដសាល​ចំណីបសុបក្សី​
,,10802,កម្មន្ដសាល​ចំណីជ្រូក
,,10803,កម្មន្ដសាល​ចំណីត្រី
,,10809,កម្មន្ដសាល​ចំណីសត្វរៀប​ចំរួច​​ ដែលពុំបានរាប់​បញ្ចូល​
110,,,កម្មន្តសាលភេសជ្ជៈ
,1101,,ការបិត ការ​បន្សុទ្ធ​ និង​ការ​លាយ​ស្រា​ស្ពីរីត​​
,,11010,ការបិត ការ​បន្សុទ្ធ​ និង​ការ​លាយ​ស្រា​ស្ពីរីត​​
,1102,,កម្មន្តសាលស្រា (វ៉ាញ)
,,11021,កម្មន្ដសាល​ស្រាស្បាកឃ្លីង (ស្រាគ្រឿងផ្សំចំរុះ ពពុះ)​
,,11022,កម្មន្ដសាល​ស្រាទឹកត្នោត
,,11023,កម្មន្ដសាល​ស្រាទំពាំងបាយជូរ
,,11029,កម្មន្ដសាល​ស្រា (វ៉ាញ) ដទៃ​​ទៀតដែលពុំ​បានរាប់បញ្ចូល
,1103,,កម្មន្តសាលស្រាម៉ល់និងម៉ល់
,,11031,កម្មន្ដសាល​ស្រាបៀរ​​
,,11039,កម្មន្ដសាល​ស្រាម៉ល់និង​ម៉ល់​ ដទៃ​​ទៀត​ដែលពុំ​បាន​រាប់​បញ្ចូល
,1104,,កម្មន្តសាលភេសជ្ជ:គ្មានជាតិអាកុល ទឹកមានសារធាតុរ៉ែ និងទឹកដែលច្រកដបផ្សេងៗទៀត
,,11041,កម្មន្ដសាល​ភេសជ្ជៈ​គ្មានជាតិ​អាកុល
,,11042,ការ​ផលិត​ទឹកសូដា
,1105,11050,កម្មន្ដសាល​ទឹកបរិសុទ្ធ​ និង​ទឹក​រ៉ែ​
,1109,11090,កម្មន្តសាលភេសជ្ជៈដទៃទៀតដែលពុំបានរាប់បញ្ចូល
120,,,កម្មន្តសាលផលិតផលថ្នាំជក់
,1200,,កម្មន្ដសាល​បារីនិងស៊ីហា្គ
,,12000,កម្មន្ដសាល​បារីនិងស៊ីហា្គ
,1209,,កម្មន្ដសាល​ផលិតផលថ្នាំជក់ដទៃទៀតដែលពុំ​បាន​រាប់​បញ្ចូល
,,12090,កម្មន្ដសាល​ផលិតផលថ្នាំជក់ដទៃទៀតដែលពុំ​បាន​រាប់​បញ្ចូល
131,,,ការរវៃ ការត្បាញ និងការធ្វើឱ្យសម្រេច នូវផលិតផលវាយនភ័ណ្ឌ
,1311,,ការរៀបចំនិងការ​រវៃសរសៃអំបោះ 
,,13111,ការរវៃវាយនភណ្ឌកប្បាស
,,13112,ការរវៃវាយនភណ្ឌសូត្រ
,,13119,ការរៀបចំ និងការ​រវៃសរសៃអំបោះ ដទៃទៀតដែល​ពុំ​បាន​រាប់​បញ្ចូល
,1312,,តម្បាញកំណាត់
,,13121,តម្បាញ​កំណាត់​កប្បាស​​
,,13122,តម្បាញ​កំណាត់​សូត្រ​​
,,13129,តម្បាញ​កំណាត់​​​ដទៃទៀត​ដែលពុំបាន​រាប់​បញ្ចូល​
,1313,13130,ការធ្វើ​សម្រេច​វាយនភ័ណ្ឌ
139,,,កម្មន្តសាលវាយនភ័ណ្ឌដទៃទៀត
,1391,,កម្មន្តសាលផ្ទាំងកំណាត់ចាក់ដោយម្ជុលច្រើន ឬមួយ
,,13911,កម្មន្ដសាល​កំណាត់​ចាក់ ប៉ាក់ និងព្រំ
,,13919,កម្មន្ដសាល​​ផ្ទាំង​កំ​ណាត់ចាក់ដោយ​ម្ជុលច្រើនឬ​មួយ ដែលពុំបានរាប់បញ្ចូល
,1392,13920,កម្មន្ដសាល​​របស់​តុបតែង​ពី​វាយនភ័ណ្ឌលើកលែង​សម្លៀក​បំពាក់
,1393,,កម្មន្តសាលកម្រាលព្រំនិងព្រំតូចៗ
,,13931,កម្មន្ដសាល​កម្រាលព្រំ​ និងកន្ទេល​
,,13939,កម្មន្ដសាល​កម្រាលព្រំនិងព្រំ​តូចៗ​​ដទៃទៀតដែល​ពុំ​បាន​រាប់បញ្ចូល
,1394,,កម្មន្តសាលខ្សែពួរធំ (សម្រាប់នាវា) ខ្សែពួរខ្សែវេញ និងការចាក់សំណាញ់
,,13941,កម្មន្ដសាល​សំណាញ់​ មង អញ្ចង អួន ថ្នង
,,13949,កម្មន្ដសាល​ខ្សែពួរធំ​(សម្រាប់​នាវា) ខ្សែពួរ​ខ្សែ​វេញ​​​​ និង​ការ​ចាក់​សំណាញ់ដទៃទៀត​ដែល​ពុំ​បាន​រាប់បញ្ចូល​
,1399,13990,កម្មន្ដសាលវាយនភ័ណ្ឌ ដទៃទៀតដែលពុំ​បាន​រាប់បញ្ចូល
141,,,កម្មន្តសាលសម្លៀកបំពាក់ លើកលែងសម្លៀកបំពាក់ធ្វើពីរោមសត្វ
,1410,14101,កម្មន្ដសាល​សម្លៀក​បំពាក់(លើកលែងជា​សម្លៀក​បំពាក់​​ស្រាប់​ឬ​​កាត់​)
,1411,,ការកាត់ដេរសម្លៀក​បំពាក់បុរស និងរ៉ូបស្រ្តី​
,,14111,ការកាត់ដេរសម្លៀក​បំពាក់បុរស និងរ៉ូបស្រ្តី​បែប​ប្រពៃណី
,,14119,ការកាត់ដេរសម្លៀក​បំពាក់បុរស និង​រ៉ូបស្រ្តី​​ ដទៃទៀត​ដែល​ពុំ​បានរាប់បញ្ចូល
,1412,14120,កម្មន្ដសាលសម្ភារៈ​បន្ទាប់បន្សំ​​ដែល​​មានធាតុ​ផ្សំ​ចម្បងធ្វើ​ពីវាយនភ័ណ្ឌ
142,,,កម្មន្ដសាល​របស់​របរ​ធ្វើពីរោមសត្វ
,1420,14200,កម្មន្ដសាលទំនិញ វត្ថុធ្វើពីរោមសត្វ
143,,,កម្មន្ដសាល​សម្លៀក​បំពាក់​ចាក់ ដោយ​ម្ជុល​ច្រើន​ ឬ​មួយ)​​
,1430,14300,កម្មន្ដសាល​សម្លៀក​បំពាក់​ចាក់ ប៉ាក់ និងតម្បាញ (ដោយ​ម្ជុលច្រើន​ ឬ​មួយ)​​
151,,,ការសម្លាប់​ស្បែក ​ការ​តុបតែង​ស្បែក កម្មន្តសាលវ៉ាលីស ការបូបយួរដៃ កែបសេះ និងបង្ហៀរសេះ ការតុបតែងនឹងជ្រលក់ពណ៌រោមសត្វ
,1511,15110,ការសម្លាប់​ស្បែក និង​ការ​តុបតែង​ស្បែក ការតុបតែង និង​ជ្រលក់​ពណ៌​រោមសត្វ​​
,1512,,កម្មន្ដសាល​វ៉ាលី ​កាបូបយួរ​ដៃនិងផលិតផល​ស្រដៀង​ ​កែបសេះ​ និងបង្ហៀរ​សេះ
,,15121,កម្មន្ដសាល​វ៉ាលី កាបូបយួរ​ដៃ និងកាបូបស្ពាយក្រោយ​
,,15129,កម្មន្ដសាល​វ៉ាលី ​កាបូបយួរ​ដៃនិងផលិតផល​ស្រដៀង​ ​កែបសេះ​ និងបង្ហៀរ​សេះ ដទៃទៀតដែលពុំ​បាន​រាប់​បញ្ចូល
152,,,កម្មន្តសាលស្បែកជើង
,1520,,កម្មន្តសាលស្បែកជើង
,,15201,កម្មន្ដសាល​ស្បែកជើងធ្វើពីស្បែក
,,15209,កម្មន្ដសាល​ស្បែកជើងដទៃ​ទៀតដែលពុំបា​ន​រាប់បញ្ចូល
161,,,ការអារឈើនិងការឈូសឈើ
,1610,16100,ការអារឈើនិងការឈូសឈើ
162,,,កម្មន្តសាលផលិតផលឈើ ឈើស្នោ ចំបើង និងវត្តុធាតុក្រង
,1621,16210,កម្មន្ដសាល​ចំនៀរ​ឈើ​និង​បន្ទះឈើ​​ស្ដើង 
,1622,,កម្មន្តសាលឈើសម្រាប់សាងសង់ និងឈើដំណាប់ភ្ជាប់
,,16221,កម្មន្ដសាល​ ទា្វរបង្អួច  គម្រប​និងគ្រោងទ្វារបង្អួច
,,16222,កម្មន្ដសាលការ៉ូឈើ​សម្រាប់​ធ្វើ​ផ្ទៃក្រាល​
,,16229,កម្មន្ដសាលឈើ​សំណង់​ និង​ឈើ​ដំណ​​​ ដទៃ​ទៀតដែលពុំ​បានរាប់បញ្ចូល
,1623,16230,កម្មន្ដសាល​​ធុង​ឈើ​
,1629,16290,កម្មន្ដសាល​ផលិតផលឈើផ្សេងទៀតកម្មន្ដសាល​​របស់​របរ​​ធ្វើ​ពី​ឈើ​ស្នោ​ ចំបើងនិងវត្ថុធាតុ​ក្រង​ 
170,,,ការផលិតក្រដាសនិងផលិតផលពីក្រដាស
,1701,,កម្មន្តសាលម្សៅក្រដាស ក្រដាសនិងក្រដាសកាតុង​
,,17011,កម្មន្ដសាល​កេសក្រដាស
,,17012,កម្មន្ដសាល​ក្រដាសសរសេរ
,,17019,កម្មន្ដសាល​ក្រដាសនិងផលិតផលក្រដាសដទៃ​​ទៀតដែល​ពុំ​បានរាប់បញ្ចូល
,1702,17020,កម្មន្ដសាល​ក្រដាសទឹក​រលក ​ក្រដាសកាតុង​ និង​ប្រអប់​​ធ្វើ​ពី​​ក្រដាស និងពីក្រដាស​កាតុង 
,1709,17090,កម្មន្ដសាល​​របស់​របរ​ផ្សេង​ទៀតធ្វើ​ពីក្រដាស និង​ពី​ក្រដាស​​​កាតុង​​
181,,,ការបោះពុម្ព និងសេវាកម្មទាក់ទងនឹងការបោះពុម្ព នូវឯកសារដែលបានថតចម្លងទុក
,1811,18110,ការបោះពុម្ព
,1812,18120,សេវាកម្ម​ផ្សេងៗដែលទាក់ទងនឹងការបោះពុម្ព
182,,,ការផលិតសារឡើងវិញ នូវសារឯកសារដែលបានថតចម្លងទុក
,1820,18200,ការផលិត​សារឡើង​វិញ​ នូវ​សារឯកសារ​ដែល​បាន​​ចម្លង​​​ទុក​​
191,,,កម្មន្តសាលផលិតផលឡធ្យូងភក់
,1910,19100,កម្មន្ដសាល​ផលិតផល​ឡដុត​ធ្យូងភក់
192,,,កម្មន្តសាលចម្រាញ់ប្រេងកាត
,1920,19200,កម្មន្ដសាលចម្រាញ់ប្រេងកាត
,1929,19290,កម្មន្ដសាល​ចម្រាញ់ប្រេងកាតផ្សេងទៀត
201,,,កម្មន្តសាលគីមីមូលដ្ឋានជីនិងសមាសធាតុនីត្រូហ្សែន ប្លាស្ទិកនិងសារធាតុសំយោគ និងក្នុងទម្រង់បឋម
,2011,,កម្មន្តសាលគីមីមូលដ្ឋាន
,,20111,កម្មន្ដសាល​អុកស៊ីសែននិងអ៊ីដ្រូហ្សែន​ អាសេទីឡែន
,,20119,កម្មន្ដ​សាល គីមីមូលដ្ឋាន​ដែលពុំ​បានរាប់បញ្ចូល
,2012,20120,កម្មន្ដសាល​ ជី និងសមាសធាតុ​នីត្រូហ្សែន​
,2013,20130,កម្មន្ដសាល​​ ប្លាស្ទិក និង​​កៅស៊ូសំយោគ​ក្នុង​ទម្រង់បឋម​​ ​
202,,,កម្មន្តសាល ផលិតផលគីមីដទៃទៀត
,2021,20210,កម្មន្ដសាល ថ្នាំកំចាត់សត្វចង្រៃ​និង​ ផលិតផល​គីមីកសិកម្ម​​ដទៃ​ទៀត​
,2022,20220,កម្មន្ដសាល​នៃ​ថ្នាំលាបពណ៌ វែរនី​ (ថ្នាំ​ធ្វើ​ឲ្យរលោង) និង​ថ្នាំ​ទ្រនាប់​ប្រហាក់​ប្រហែល ទឹក​ថ្នាំ​​បោះពុម្ព និង​ម៉ាស្ទិក​​
,2023,20230,កម្មន្ដសាល​ សាប៊ូដុំម្សៅ​សាប៊ូគ្រឿង​សម្អាត​និងប៉ូលា គ្រឿង​ក្រអូប​ និង​គ្រឿង​សម្អាង
,2029,,កម្មន្តសាល ផលិតផលគីមីដទៃទៀតដែលពុំបានរាប់បញ្ជូល
,,20291,កម្មន្ដសាល ​កាំជ្រួច​
,,20299,កម្មន្ដសាល ផលិត​ផល​​​គី​មី​ដទៃ​ទៀត​ដែល​ពុំ​បាន​រាប់​បញ្ចូល​
203,,,កម្មន្តសាល សរសៃសំយោគ
,2030,20300,កម្មន្ដសាល​ សរសៃ​សំយោគ​
210,,,កម្មន្ដសាល​ ឱសថសារធាតុ​គីមី​សម្រាប់ព្យាបាល និង​ផលិតផល​​ឱសថ​ធ្វើ​ពីរុក្ខជាតិ​
,2100,21000,កម្មន្ដសាល​ ឱសថសារធាតុ​គីមី​សម្រាប់ព្យាបាល និង​ផលិតផល​​ឱសថ​ធ្វើ​ពីរុក្ខជាតិ​
221,,,កម្មន្តសាល ផលិតផលពីកៅស៊ូ
,2211,22110,កម្មន្ដសាល​ សំបកកង់ និង ​ពោះវៀន​កង់​​​និង​ការចាក់​ពុម្ព​ឡើង​វិញ និង​​ការធ្វើ​ជា​ថ្មី​នៃ​កៅស៊ូកង់​
,2219,22190,កម្មន្ដសាល ​នៃ ផលិតផល​​កៅស៊ូដទៃទៀត
222,,,កម្មន្តសាល ផលិតផល​ធ្វើ​ពី​ប្លាស្ទិក​
,2220,22200,កម្មន្ដសាល ​គ្រឿង​សំណង់​ធ្វើ​ពី​ប្លាស្ទិក​
,2221,22210,កម្មន្ដសាល សម្ភារៈ​ប្លាស្ទិកប្រើ​សម្រាប់​​ការ​​វេច​ខ្ចប់​ឥវ៉ាន់​
,2222,22220,កម្មន្ដសាល ផលិតផលប្លាស្ទិក​សម្រេច​
,2229,22290,កម្មន្ដសាល ​ផលិត​ផល​ប្លាស្ទិកដ​ទៃ​ទៀត​ដែលពុំ​បានរាប់បញ្ចូល
231,,,កម្មន្តសាល កញ្ចក់និងផលិតផលពីកញ្ចក់
,2310,23100,កម្មន្ដសាល កញ្ចក់​ និងផលិតផល​ពី​កញ្ចក់​​
239,,,កម្មន្តសាល ផលិតផលពីរ៉ែអរលោហ: ដែលពុំបានរាប់បញ្ជូល
,2391,23910,កម្មន្ដសាល ផលិតផលធន់​កម្ដៅ​
,2392,,កម្មន្ដសាល សម្ភារៈសំណង់ធ្វើពីដីឥដ្ឋ
,,23921,កម្មន្ដសាល ក្បឿងប្រក់​ដំបូល​
,,23922,កម្មន្ដសាល ឥដ្ឋ
,,23923,កម្មន្ដសាល កម្រាល​ក្រាល​ធ្វើពីដីឥដ្ឋដុត​
,,23929,កម្មន្ដសាល សម្ភារៈ​សំណង់ធ្វើពីដីឥដ្ឋ ដទៃទៀតដែល​ពុំ​​បានរាប់បញ្ចូល
,2393,23930,កម្មន្ដសាល ផលិតផល​ពី​ព័រសឺឡែន និង​សេរាមិក​ដទៃទៀត
,2394,,កម្មន្ដសាល ស៊ីម៉ងត៍​កំបោរប្លាស្ទ័រ​​
,,23941,កម្មន្ដសាល ស៊ីម៉ង​ត៍​
,,23942,កម្មន្ដសាល ​កំបោរ
,,23949,កម្មន្ដសាល ស៊ីម៉ងត៍​កំបោរប្លាស្ទ័រ​​ដទៃទៀតដែលពុំ​បាន​រាប់បញ្ចូល
,2395,23950,កម្មន្ដសាល របស់​របរ​ប្រើប្រាស់​​ធ្វើ​ពី​កំបោរ​ ស៊ីម៉ងត៍និងប្លាស្ទ័រ​
,2396,23960,ការកាត់សូន និង​កែច្នៃ​​ផលិតផល​ធ្វើអំពីថ្ម
,2399,23990,កម្មន្ដសាលនៃ​ផលិតផល​រ៉ែ​អលោហៈ ដទៃ​ទៀត​​ដែល​​ពុំបាន​រាប់បញ្ចូល
241,,,កម្មន្តសាល ដែកមូលដ្ឋាននិងដែកថែប
,2410,24100,កម្មន្ដសាល ដែកមូលដ្ឋាន​ និង​ដែកថែប​​
242,,,កម្មន្ដសាល លោហធាតុ​មូលដ្ឋាន​មាន​តម្លៃ​ និង​លោហធាតុ​​មិន​មែន​ជា​ដែកដទៃទៀត​
,2420,24200,កម្មន្ដសាល លោហធាតុ​មូលដ្ឋាន​មាន​តម្លៃ​ និង​លោហធាតុ​​មិន​មែន​ជា​ដែកដទៃទៀត​
243,,,ការស្លចាក់ពុម្ពលោហធាតុ
,2431,24310,ការស្ល​ចាក់​ពុម្ព​ដែកនិងដែកថែប
,2432,24320,ការស្ល​ចាក់​ពុម្ព​​​លោហធាតុ​មិន​មែន​​ដែក
251,,,កម្មន្តសាល ផលិតផលគ្រោងពីលោហធាតុធុងអាងស្តុកទឹកនិងម៉ាស៊ីនបង្កើតចំហាយទឹក
,2511,,កម្មន្តសាល ផលិតផលគ្រោងពីលោហធាតុ
,,25111,កម្មន្ដសាល ផលិតផល​គ្រោងគ្រោងទា្វរគ្រោង​បង្អួច
,,25112,កម្មន្ដសាល ស៊ុម​រូបថតស៊ុម​កញ្ចក់
,,25119,កម្មន្ដសាល ផលិតផលគ្រឿងគ្រោងពីលោហធាតុ​ដទៃទៀត
,2512,25120,កម្មន្ដសាល ធុង​អាងនិ​ង​កុងតេណឺ​ពី​លោហធាតុ​​
,2513,25130,កម្មន្ដសាល ​ម៉ាស៊ីនបង្កើត​​ចំហាយ​ទឹក លើកលែង ម៉ាស៊ីន​​កម្ដៅ​ក្នុង​ផ្ទះ​​
252,,,កម្មន្ដសាល អាវុធនិងគ្រាប់​រំសេវ​
,2520,25200,កម្មន្ដសាល អាវុធនិងគ្រាប់​រំសេវ​
259,,,កម្មន្តសាល ផលិតផលលោហធាតុកែច្នៃដទៃទៀត និងសកម្មភាពជាងដែក
,2591,25910,ការដំ ការ​សង្កត់​ការ​វាយកាក់​និង​ការ​កិន​លោហធាតុ​​ជា​រាង លោហកម្ម​ម្សៅ​លោហធាតុ​ 
,2592,25920,ប្រព្រឹត្តិ​កម្ម និង​ការពាស​លោហធាតុ ការ​ក្រឡឹង​
,2593,25930,កម្មន្ដសាល​ គ្រឿង​​កាំបិត​ឧបករណ៍​ដៃនិង​គ្រឿងដែក​ប្រើប្រាស់​ទូទៅ
,2594,25940,កម្មន្ដសាល ធុង​មាន​ដៃ​យួរ​ កំប៉ុងធុងធំនិ​ងកុងតេណឺ​ ​ស្រដៀង​គ្នា​ ធ្វើពីលោហធាតុ​
,2595,25950,កម្មន្ដសាល ផលិតផលខ្សែច្រវ៉ាក់រ៉ឺស័រ​និងវីសមួល (លើក​លែងខ្សែកាប​ធ្វើពីលោហធាតុ​)​
,2599,,កម្មន្ដសាល ផលិតផលពី​​លោហធាតុ​​កែច្នៃ​​​​ ដទៃទៀតដែល​ពុំ​បាន​រាប់​បញ្ចូល​
,,25991,កម្មន្ដសាល ឧបករណ៍​​ប្រើប្រាស់​ក្នុង​ផ្ទះ
,,25999,កម្មន្ដសាល ផលិតផលពី​​លោហធាតុ​​កែច្នៃ​​​​ ដទៃទៀតដែល​ពុំ​បាន​រាប់​បញ្ចូល​
261,,,កម្មន្ដសាល ​​​គ្រឿង​បង្គុំ​អេឡិចត្រូនិក
,2610,,កម្មន្ដសាល សន្ទះ និងបំពង់​ អេឡិចត្រូនិក
,,26101,កម្មន្ដសាល សន្ទះ និងបំពង់​ អេឡិចត្រូនិក
,,26102,កម្មន្ដសាល សឺមី​កុង​ឌុច​ទ័រ​ និងគ្រឿង​បង្គុំ​អេឡិចត្រូនិក​ដទៃទៀត
262,,,កម្មន្តសាល កុំព្យូទ័រនិងគ្រឿងតភ្ជាប់ជាមួយកុំព្យូទ័រ
,2620,,កម្មន្ដសាល និង/ឬ តម្លើងកុំព្យូទ័រអេឡិចត្រូនិក
,,26201,កម្មន្ដសាល និង/ឬ តម្លើងកុំព្យូទ័រអេឡិចត្រូនិក
,,26202,កម្មន្ដសាល ​គ្រឿង​បន្លាស់​កុំព្យូទ័រ
263,,,កម្មន្តសាល បរិក្ខារទូរគមនាគមន៍
,2631,,កម្មន្ដសាល បរិក្ខារ​ទូរគមនាគមន៍​​
,,26310,កម្មន្ដសាល បរិក្ខារ​ទូរគមនាគមន៍​​( លើកលែង​បរិក្ខារ​ទូរគមនាគមន៍​​ឥតខ្សែ)​
,2632,26320,កម្មន្ដសាល បរិក្ខារ​ទូរគមនាគមន៍​​ឥតខ្សែ
,2639,26390,កម្មន្ដសាល បរិក្ខារ​ទូរគមនាគមន៍​​ ដទៃ​​ទៀតដែលពុំបាន​រាប់បញ្ចូល
264,,,កម្មន្តសាល គ្រឿងប្រើប្រាស់អេឡិចត្រូនិក
,2641,26410,កម្មន្តសាល និង/ឬដំឡើងទូរទស្សន៍
,2642,26420,កម្មន្ដសាល ​បរិក្ខារ​ថត​សំឡេង និងរូបភាព បរិក្ខារ​​ទទួល និងថតចម្លង(​លើក​លែងទូរទស្សន៍)​
,2649,26490,កម្មន្ដសាល ​គ្រឿង​ប្រើប្រាស់​អេឡិចត្រូនិក ដទៃទៀត​ដែលពុំ​បានរាប់បញ្ចូល
265,,,កម្មន្តសាល បរិក្ខាររង្វាស់ធ្វើតេស្ដ រកទិស និងត្រួតពិនិត្យ នាឡិកាដៃ និង នាឡិកាព្យួរជញ្ជាំង
,2651,26510,កម្មន្ដសាល បរិក្ខារ​រង្វាស់​ ធ្វើ​តេស្ត រកទិស និង​​ត្រួត​ពិនិត្យ
,2652,26520,កម្មន្ដសាល នាឡិកាដៃនិងនាឡិកាព្យួរជញ្ជាំង
266,,,កម្មន្តសាល បរិក្ខារបំភាយកាំរស្មី អេឡិកត្រូវេជ្ជសាស្រ្ត និងព្យាបាលដោយអគ្គិសនី
,2660,26600,កម្មន្ដសាល បរិក្ខារ​បំភាយ​កាំ​រស្មី អេឡិកត្រូវេជ្ជសាស្រ្ត​និង​ព្យាបាលដោយ​អគ្គិសនី 
267,,,កម្មន្តសាល ឧបករណ៍​និងគ្រឿងបរិក្ខារអុបទិក
,2671,26710,កម្មន្ដសាល ឧបករណ៍​ថតរូប
,2679,26790,កម្មន្ដសាល អុបទិកវាស់វែង និងពិនិត្យ (ឩ. បរិក្ខាត្រួតពិនិត្យអគ្គិភ័យ និងឧបករណ៍វាស់ពន្លឺសម្រាប់ថតរូប និងឧបករណ៍វាស់សម្ងាយ) ផ្សេងៗដែលពុំបានរាប់បញ្ចូល។
268,,,កម្មន្ដសាល ឧបករណ៍​ផ្សព្វ​ផ្សាយធ្វើ​ពី​ម៉ា​ញ៉េទិក និងអុបទិក
,2680,26800,កម្មន្ដសាល ឧបករណ៍​ផ្សព្វ​ផ្សាយធ្វើ​ពី​ម៉ា​ញ៉េទិក និងអុបទិក
271,,,កម្មន្តសាល ម៉ូទ័រអគ្គិសនីម៉ាស៊ីនភ្លើងត្រង់ស្វូបរិធានចែកចាយអគ្គិសនី និងត្រួតពិនិត្យចរន្តអគ្គិសនី
,2711,27110,កម្មន្ដសាល ម៉ូទ័រ​អគ្គិសនី​ ម៉ាស៊ីនភ្លើង ត្រង់ស្វូ​​ និង​កុំប្លេម៉ូទ័រ​-​ម៉ាស៊ីន​ភ្លើង​
,2712,27120,កម្មន្ដសាល បរិធាន​ចែកចាយអគ្គីសនី និងត្រួត​ពិនិត្យ​​អគ្គិសនី
272,,,កម្មន្តសាល ថ្មពិល និងអាគុយ
,2720,27200,កម្មន្ដសាល ថ្មពិល​និងអាគុយ​
273,,,កម្មន្តសាល ខ្សែរភ្លើងនិងគ្រឿងតខ្សែភ្លើង
,2731,27310,កម្មន្ដសាល ខ្សែកាបសរសៃ​អុបទិក
,2732,,កម្មន្ដសាល ខ្សែភ្លើង និងខ្សែកាបអេឡិចត្រូនិក និងអគ្គិសនីដទៃទៀត
,,27321,កម្មន្ដសាល ខ្សែកាបអេឡិចត្រូនិក
,,27329,កម្មន្ដសាល ខ្សែ​ភ្លើង និង​ខ្សែកាបអេឡិចត្រូនិក និង​​អគ្គិសនី​ដទៃ​ទៀត ដែលពុំ​បានរាប់បញ្ចូល
,2733,27330,កម្មន្ដសាល គ្រឿង​ត​ខ្សែ​ភ្លើង​
274,,,កម្មន្តសាល បរិក្ខារអគ្គិសនីបំភ្លឺ
,2740,27400,កម្មន្ដសាល បរិក្ខារ​​អគ្គិសនីបំភ្លឺ​
275,,,កម្មន្តសាល គ្រឿងប្រើប្រាស់ក្នុងផ្ទះ
,2751,27510,កម្មន្ដសាល ​គ្រឿង​អគ្គិសនី​សម្រាប់​​ប្រើប្រាស់​ក្នុងផ្ទះ
,2752,27520,កម្មន្ដសាល គ្រឿង​អគ្គិសនីកម្ដៅ ប្រើប្រាស់​ក្នុងផ្ទះ
,2753,27530,កម្មន្ដសាល បរិក្ខារ​​ប្រើប្រាស់​សម្រាប់​ចម្អិន​​អាហារ​ និង​កម្ដៅ​មិនប្រើអគ្គិសនី សម្រាប់ប្រើប្រាស់ក្នុងផ្ទះ
,2759,27590,កម្មន្តសាល បរិក្ខារអគ្គិសនីប្រើប្រាស់ក្នុងផ្ទះ ដទៃទៀតដែលពុំបានរាប់បញ្ចូល
279,,,កម្មន្ដសាល បរិក្ខារអគ្គិសនីដ​ទៃ​ទៀត
,2790,27900,កម្មន្ដសាល បរិក្ខារអគ្គិសនីដ​ទៃ​ទៀត
281,,,កម្មន្តសាល គ្រឿងម៉ាស៊ីនសម្រាប់ប្រើប្រាស់ក្នុងគោលបំណងទូទៅ
,2811,28110,កម្មន្ដសាល ម៉ាស៊ីន និង​ទួរប៊ីន​ លើក​លែង​ យន្តហោះ​ យានយន្ត និង​ម៉ាស៊ីន​ចលនា​ជាវគ្គ 
,2812,28120,កម្មន្ដសាល បរិក្ខារ​ថាមពល​ដើរ​ដោយ​វត្ថុ​រាវ ឬ​ឧស្ម័ន​
,2813,28130,កម្មន្ដសាល ស្នប់ កុំប្រេសស័រ រ៉ូប៊ីណេ​ និង វ៉ាន​បិទ​បើក​ដទៃ​ទៀត​
,2814,28140,កម្មន្ដសាល ប៉ាដាង (រ៉ូឡឺម៉ង់) ពីញ៉ុង សំណុំ​ពីញ៉ុង​ និង​គ្រឿង​បញ្ជូន​
,2815,28150,កម្មន្ដសាល ឡចម្អិន​ឡនិងប្រដាប់​ដុត​បញ្ឆេះ​ឡ​
,2816,28160,កម្មន្ដសាល បរិក្ខារ​លើក​ដាក់ និង​យួរ​ 
,2817,28170,កម្មន្ដសាល គ្រឿង​ម៉ាស៊ីន និង​បរិក្ខារ​​ការិយាល័យនិងលើកលែងតែកុំព្យូទ័រនិងគ្រឿងប្រើ​ភ្ជាប់​​ជាមួយ​ 
,2818,28180,កម្មន្ដសាល​ ឧបករណ៍​​ដៃ​ដើរ​ដោយ​ថាមពល​
,2819,28190,កម្មន្តសាលគ្រឿង​ម៉ាស៊ីនប្រើប្រាស់​ទូទៅ​ច្រើនមុខ​ដទៃទៀត​
282,,,កម្មន្តសាលម៉ាស៊ីនប្រើក្នុងគោលបំណងពិសេស
,2821,28210,កម្មន្តសាល​ម៉ាស៊ីនកសិកម្មនិងរុក្ខកម្ម
,2822,28220,កម្មន្តសាល​គ្រឿង​ម៉ាស៊ីន​​ធ្វើ​រាង​សណ្ឋាន​លោហធាតុ​ និង​គ្រឿង​​ម៉ាស៊ីន​ឧបករណ៍​
,2823,28230,កម្មន្តសាលគ្រឿង​​ម៉ាស៊ីនប្រើ​ក្នុង​លោហកម្ម​
,2824,28240,កម្មន្តសាលគ្រឿង​​ម៉ាស៊ីន​សម្រាប់ធ្វើ​អាជីវកម្មរ៉ែយក​ថ្មនិង​សំណង់​
,2825,28250,កម្មន្តសាល​ម៉ាស៊ីន​សម្រាប់​កែច្នៃ​​អារហារភេសជ្ជៈ និង​ថ្នាំជក់​
,2826,28260,កម្មន្តសាល​ម៉ាស៊ីន​​វាយនភ័ណ្ឌផលិត​កម្មសម្លៀកបំពាក់​​ និង​ស្បែក​
,2829,28290,កម្មន្តសាល​គ្រឿង​ម៉ាស៊ីន​សម្រាប់​គោលបំណង​ពិសេស​ដទៃ​ទៀត
291,,,កម្មន្តសាល​​យានយន្ត
,2910,29100,កម្មន្តសាល​​និង/ឬតំឡើង​រថយន្ត​
292,,,កម្មន្តសាល​តួ​យានយន្ត​ កម្មន្ត​សាល​រ៉ឺម៉ក​​សណ្តោងនិង​ពាក់​កណ្តាលសណ្តោង
,2920,,កម្មន្តសាល​តួ​យានយន្ត​ កម្មន្ត​សាល​រ៉ឺម៉ក​​សណ្តោងនិង​ពាក់​កណ្តាលសណ្តោង
,,29201,កម្មន្តសាលរ៉ឺម៉ក​​សណ្តោង​ 
,,29209,ការ​ផលិត​តួ​យានយន្ត​ កម្មន្ត​សាល​រ៉ឺម៉ក​​សណ្តោងនិង​ពាក់​កណ្តាលសណ្តោង​ ដទៃ​ទៀត​ដែល​ពុំ​បាន​រាប់​បញ្ចូល​
293,,,កម្មន្តសាល​គ្រឿង​បន្ទាប់បន្សំនិង​គ្រឿងបន្លាស់​របស់​យានយន្ត​
,2930,29300,កម្មន្តសាល​គ្រឿង​បន្ទាប់បន្សំនិង​គ្រឿងបន្លាស់​របស់​យានយន្ត​
301,,,ការ​សាងសង់​​​កប៉ាល់និងកាណូត
,3011,,ការ​សាងសង់​​​កប៉ាល់និងសំណង់បណ្ដែតទឹក
,,30111,ការ​សាងសង់​​​កប៉ាល់​ពាណិជកម្ម​
,,30112,ការ​ផលិត​ទូក​នេសាទ​
,,30119,ការសាងសង់​​កប៉ាល់​ និងសំណង់​បណ្តែត​ទឹក​ ដទៃទៀត​ដែល​ពុំ​បាន​រាប់​បញ្ចូល​
,3012,30120,ការ​ផលិត​ទូក​កម្សាន្ដ​ និង​ទូកកីឡា​
302,,,កម្មន្តសាល​ក្បាលរថភ្លើង និង​ទូផ្ទុក​ទំនិញ​
,3020,30200,កម្មន្តសាល​ក្បាលរថភ្លើងនិង​ទូផ្ទុក​ទំនិញ​
303,,,កម្មន្តសាល​​យន្តហោះ យាន​អវកាស​ និង​ម៉ាស៊ីនដែលពាក់ព័ន្ធ​​ដទៃទៀត
,3030,30300,កម្មន្តសាល​​យន្តហោះ យាន​អវកាស​ និង​ម៉ាស៊ីនពាក់ព័ន្ធ​​ដទៃ​ទៀត
304,,,កម្មន្តសាល​យានយន្ត​យោធាចម្បាំង
,3040,30400,កម្មន្តសាល​យានយន្ត​យោធាចម្បាំង
309,,,កម្មន្តសាលបរិក្ខារដឹកជញ្ជូនដទៃទៀតដែលមិនពុំបានរាប់បញ្ជូល 
,3091,30910,កម្មន្តសាល​ទោចក្រ​យានយន្ត​ 
,3092,,កម្មន្តសាល​ទោចក្រ​យាន និងរទេះ​​ជនពិការ​
,,30921,កម្មន្តសាល​ទោចក្រ​យាន
,,30922,កម្មន្តសាល​រទេះ​​ជនពិការ​
,,30929,កម្មន្តសាល​ទោចក្រ​យាន​ និង​រទេះ​ជនពិការ ​ដទៃទៀត​ដែលពុំ​បានរាប់​បញ្ចូល​​
,3099,30990,កម្មន្តសាល​​បរិក្ខារដឹកជញ្ជូន​​ដទៃ​ទៀត​ដែល​ពុំ​បាន​រាប់​បញ្ចូល​​
310,,,កម្មន្តសាល​គ្រឿង​សង្ហារិម​
,3100,,កម្មន្តសាល​គ្រឿង​សង្ហារិម​
,,31001,កម្មន្តសាល​គ្រឿង​សង្ហារិម​ធ្វើ​ពីឈើ​
,,31002,កម្មន្តសាល​គ្រឿង​សង្ហារិម​ធ្វើ​ពី​បេតុង​
,,31003,កម្មន្តសាល​គ្រឿង​សង្ហារិម​ធ្វើ​ពី​ដែក​
,,31004,កម្មន្តសាល​គ្រឿង​សង្ហារិម​សាឡុង​
,,31009,កម្មន្តសាល​គ្រឿង​សង្ហារិម​​ដទៃ​ទៀត​ទៀត​ដែល​ពុំបាន​រាប់​បញ្ចូល​
321,,,កម្មន្ត​សាល​​រតនភណ្ឌ​​គ្រឿងអលង្ការនិងរបស់របរពាក់ព័ន្ធ 
,3211,,កម្មន្ត​សាល​​រតនភ័ណ្ឌ​​គ្រឿងនិងរបស់របរពាក់ព័ន្ធដែលធ្វើពីវត្ថុមានតម្លៃនិងពាក់ព័ន្ធមានតម្លៃ
,,32111,កម្មន្ត​សាល​​រតនភ័ណ្ឌ​​ និងរបស់របរ​​ពាក់​ព័ន្ធ​ដែលធ្វើពី​មាស​
,,32112,កម្មន្តសាល​​​រតនភ័ណ្ឌ​ និង​របស់​របរ​​ពាក់​ព័ន្ធ​ដែលធ្វើពី​ប្រាក់​
,,32113,កម្មន្តសាល​​​រតនភ័ណ្ឌ​ និង​របស់​របរ​​ពាក់​ព័ន្ធ​ដែលធ្វើពី​ថ្ម​
,,32119,កម្មន្តសាល​​​រតនភ័ណ្ឌ​ដទៃទៀត​ និង​របស់​របរ​​ពាក់​ព័ន្ធ​ដែលធ្វើពី​វត្ថុធាតុ​មាន​តម្លៃ​ និង​ពាក់​កណ្តាល​មាន​តម្លៃ​ដែល​ពុំ​បាន​រាប់​បញ្ចូល 
,3212,32120,កម្មន្ត​សាល​គ្រឿង​អលង្ការ​កាឡៃនិង​អលង្ការ​​ស្រដៀង​គ្នា
322,,,កម្មន្ត​សាល​ឧបករណ៍​តន្ត្រី​
,3220,,កម្មន្ត​សាល​ឧបករណ៍​តន្ត្រី​
,,32201,កម្មន្ត​សាល​ឧបករណ៍​តន្ត្រី​ប្រពៃណី​
,,32209,កម្មន្ត​សាល​ឧបករណ៍​តន្ត្រី​​​ ដទៃទៀត​ដែលពុំ​បាន​រាប់​បញ្ចូល​
323,,,កម្មន្ត​សាល​សម្ភារៈកីឡា
,3230,32300,កម្មន្ត​សាល​សម្ភារៈកីឡា​
324,,,កម្មន្ដ​សាល​ហ្គេមនិង​ប្រដាប់​ប្រដា​ក្មេងលេង​
,3240,32400,កម្មន្ដ​សាល​ហ្គេមនិង​ប្រដាប់​ប្រដា​ក្មេងលេង​
325,,,កម្មន្ត​សាល​ឧបករណ៍​ និង​គ្រឿង​ផ្គត់ផ្គង់​សម្រាប់​វេជ្ជសាស្រ្ត​ និង​ទន្តសាស្រ្ត​
,3250,32500,កម្មន្ត​សាល​ឧបករណ៍​ និង​គ្រឿង​ផ្គត់ផ្គង់​សម្រាប់​វេជ្ជសាស្រ្ត​ និង​ទន្តសាស្រ្ត​
329,,,កម្មន្ត​សាល​ដទៃទៀត​ដែល​ពុំ​បាន​រាប់​បញ្ចូល
,3290,32900,កម្មន្ត​សាល​ដទៃទៀត​ដែល​ពុំ​បាន​រាប់​បញ្ចូល
331,,,ការជួសជុលផលិតផលម៉ាស៊ីននិងគ្រឿងបរិក្ខាលោហធាតុកែច្នៃ
,3311,33110,ការ​ជួសជុល​ផលិតផល​លោហធាតុ​កែច្នៃ​
,3312,33120,ការជួសជុលគ្រឿង​​ម៉ាស៊ីន​
,3313,33130,ការជួសជុល​ឧបករណ៍​អេឡិចត្រូនិកនិង​អុបទិក​
,3314,33140,ការជួសជុល​បរិក្ខាអគ្គិសនី​
,3315,33150,ការជួសជុល​បរិក្ខាដឹកជញ្ជួន​​ (លើកលែង​តែ​យានយន្ត) ​ផ្សេងៗទៀត​
,3319,33190,ការជួសជុល​ឧបករណ៍​ដទៃផ្សេងទៀត​
332,,,ការដំឡើងផ្គុំគ្រឿង​​ម៉ាស៊ីននិង​​គ្រឿងបរិក្ខារម៉ាស៊ីន​
,3320,33200,ការដំឡើងគ្រឿង​​ម៉ាស៊ីននិង​​គ្រឿងបរិក្ខារម៉ាស៊ីន​
351,,,ការផលិត ការបញ្ជូន និងការចែកចាយថាមពលអគ្គីសនី
,3510(១),,ការផលិត ការបញ្ជូន និងការចែកចាយថាមពលអគ្គីសនី
,,35101,ការប្រតិបតិ្តការរោងចក្រផលិតថាមពលអគ្គិសនី(២)
,,35102,ការប្រតិបតិ្តការនៃការបញ្ជូនថាមពលអគ្គិសនី
,,35103,ការ​ប្រតិបត្តិការនៃការចែកចាយថាមពលអគ្គិសនី
352,,,ការផលិតឧស្ម័ន និងការចែកចាយឧស្ម័នឥន្ធន:តាមបណ្តាយបញ្ជូនមេ
,3520(៣),,ការផលិតឧស្ម័ន និងការចែកចាយឧស្ម័នឥន្ធន:តាមបណ្តាយបញ្ជូនមេ
,,35200,ការផលិតឧស្ម័ន និងការចែកចាយឧស្ម័នឥន្ធន:តាមបណ្តាយបំពង់បង្ហូរមេ
353,,,ការផ្គតផ្គង់ចំហាយទឹក និងប្រព័ន្ធខ្យល់ត្រជាក់
,3530,,ការផ្គតផ្គង់ចំហាយទឹក និងប្រព័ន្ធខ្យល់ត្រជាក់
,,35300,ការផ្គតផ្គង់ចំហាយទឹក និងប្រព័ន្ធខ្យល់ត្រជាក់
,,35301,ប្រតិបត្តិការរោងចក្រផលិតថាមពលចំហាយ
,,35302,ប្រតិបត្តិការនៃការបញ្ចូនថាមពលចំហាយ
,,35303,ប្រតិបត្តិការនៃការចែកចាយ និងលក់ថាមពលចំណាយ
360,,,ការប្រមូល ការធ្វើប្រព្រឹត្តិកម្ម និងការផ្ដត់ផ្គង់ទឹក
,3600(1),,សកម្មភាពប្រមូល ធ្វើប្រព្រឹត្តិកម្ម និងចែកចាយទឹក សម្រាប់តម្រូវការតាមឧស្សាហកម្ម និងគ្រួសារ
,,36000,ការបន្សុទ្ធ និងការចែកចាយទឹកសម្រាប់ការផ្គត់ផ្គង់ទឹកស្អាត(២)
370,,,ប្រព័ន្ធទឹកស្អុយ 
,3700,,ប្រព័ន្ធទឹកស្អុយ 
,,37000,ប្រព័ន្ធទឹកស្អុយ និង​សកម្មភាព​ស្រដៀង​គ្នា​(១)
381,,,ការប្រមូលកាកសំណល់
,3811(1),,ការប្រមូលកាកសំណល់ដែលមិនគ្រោះថ្នាក់
,,38110,ការប្រមូលកាកសំណល់រឹង ដែលគ្មានគ្រោះថ្នាក់ (ដូចជា សំរាម)
,3812(2),,ការប្រមូលកាកសំណល់ដែលមានគ្រោះថ្នាក់ 
,,38120,ការប្រមូលកាកសំណល់ដែលមានគ្រោះថ្នាក់(៣)
382(1),,,ការធ្វើប្រព្រឹត្តកម្មសម្អាត និងបញ្ចេញចោលកាកសំណល់
,3821(2),,ការធ្វើប្រព្រឹត្តកម្មសម្អាតនិងបញ្ចេញចោលកាកសំណល់ ដែលគ្មានគ្រោះថ្នាក់
,,38210,ការធ្វើប្រព្រឹត្តកម្មសម្អាត និងបញ្ចេញចោលកាកសំណល់ ដែលគ្មានគ្រោះថ្នាក់(៣)
,3822(4),,ការធ្វើប្រព្រឹត្តកម្មសម្អាត និងបញ្ចេញចោលកាកសំណល់ ដែលមានគ្រោះថ្នាក់
,,38220,ការធ្វើប្រព្រឹត្តកម្មសម្អាត និងបញ្ចេញចោលកាកសំណល់ ដែលមានគ្រោះថ្នាក់(៥)
383,,,ការកែច្នៃកាកសំណល់
,3830(1),,ការកែច្នៃកាកសំណល់
,,38300,ការកែច្នៃកាកសំណល់(២)
390,,,សកម្មភាពប្រព្រឹត្តកម្មសម្អាត និងសេវាកម្មគ្រប់គ្រងកាកសំណល់ដទៃទៀត
,3900(1),,សកម្មភាពប្រព្រឹត្តកម្មសម្អាត និងសេវាកម្មគ្រប់គ្រងកាកសំណល់ដទៃទៀត
,,39000,សកម្មភាពប្រព្រឹត្តកម្មសម្អាត និងសេវាកម្មគ្រប់គ្រងកាកសំណល់ដទៃទៀត(២)
410,,,ការសាង់សង់សំណង់អាគារ
,4100(1),,ការសាង់សង់សំណង់អាគារ
,,41001,សំណង់សាធារណៈថវិការាជរដ្ឋាភិបាល(២)
,,41002,សំណង់សាធារណៈថវិកាវិស័យឯកជន(៣)
,,41003,សំណង់លំនៅឋាន(៤)
,,41004,សំណង់ឧស្សាហកម្ម(៥)
,,41005,សំណង់ពាណិជ្ជកម្ម(៦)
,,41006,សំណង់ទេសចរណ៍(៧)
,,41007,សំណង់វិនិយោគ(៨)
,,41009,សណង់អគារផ្សេងដទៃទៀតដែលមិនបានរាប់បញ្ចូល(៩)
421,,,សំណង់ផ្លូវរថភ្លើង និងផ្លូវថ្នល់
,4210(1),,សំណង់ផ្លូវរថភ្លើង និងផ្លូវថ្នល់
,,42101,សំណង់ផ្លូវ ថ្នល់ ស្ពាន និងផ្លូវក្រោមដី(២)
,,42102,សំណង់ផ្លូវដែក
,,42103,សំណង់ព្រលានយន្តហោះ និងផ្លូវហោះហើរ
,,42109,សំណង់ផ្លូវរថភ្លើង និងផ្លូវថ្នល់ផ្សេងៗទៀតដែលមិនបានរាប់បញ្ចួល
422,,,សំណង់នៃគម្រោងសេវាកម្មសាធារណៈ
,4220(3),,សំណង់នៃគម្រោងសេវាកម្មសាធារណៈ
,,42201,សំណង់គម្រោងសេវាទឹកស្អាត ទឹកស្អុយ ប្រេង និងឧស្ម័ន
,,42202,សំណង់នៃគម្រោងសេវាកម្មអគ្គីសនី និងទូរគមនាគមន៍
,,42209,សំណង់គម្រោងសេវាសាធារណៈផ្សេងៗទៀតដែលមិនបានរាប់បញ្ចួល
429,,,សំណង់នៃគម្រោងវិស្វកម្មស៊ីវិលដទៃទៀត
,4290(4),,សំណង់នៃគម្រោងវិស្វកម្មស៊ីវិលដទៃទៀត លើកលែងតែអាគារ
,,42901,សំណង់នៃរោងចក្រចម្រាញ់ស្ករស
,,42909,សំណង់នៃគម្រោងវិស្វកម្មនានាផ្សេងដ៏ទៃទៀតដែលមិនបានរាប់បញ្ចូល
431,,,ការវាយកម្ទេច និងការរៀបចំការដ្ឋាន
,4311,,ការវាយកម្ទេច
,,43110,ការវាយកម្ទេចឬបំផ្លាញ អាគារនិងរចនាសម័្ពន្ធផ្សេងៗទៀត
,4312(1),,ការរៀបចំការដ្ឋាន
,,43121,ការសម្អាតការដ្ឋានសំណង់សម្រាប់ការសាងសង់ ឬយករ៉ែ(២)
,,43122,ការបោសសម្អាតមីន
,,43129,ការរៀបចំការដ្ឋានសំណង់ដទៃទៀតដែលមិនបានរាប់បញ្ចូល
432,,,សកម្មភាពដំឡើងប្រព័ន្ធអគ្គីសនី ប្រព័ន្ធទឹក និងសកម្មភាពតម្លើងផ្សេងៗទៀត
,4321(1),,ការតម្លើងប្រព័ន្ធអគ្គីសនី 
,,43211,ការតម្លើងប្រព័ន្ធការមេរ៉ាសុវត្ថិភាព
,,43219,ការតម្លើងប្រព័ន្ធអគ្គីសនីផ្សេងៗដ៏ទៃទៀតដែលមិនបានរាប់បញ្ចូល
,4322(2),,ការតម្លើងប្រព័ន្ធទឹក ប្រព័ន្ធម៉ាស៊ីនត្រជាក់ ប្រព័ន្ធកម្តៅ
,,43221,ការតម្លើងប្រព័ន្ធកម្ដៅប្រើអគ្គិសនី
,,43222,ការតម្លើងប្រព័ន្ធកម្តៅប្រើប្រព័ន្ធសូឡា
,4329(3),,ការតម្លើងសំណង់ដទៃទៀត
,,43291,ការតម្លើងសំណង់ជណ្ដើរយន្តក្នុងអគារ
,,43299,តារតម្លើងសំណង់ដទៃទៀតដែលមិនបានរាប់បញ្ចូល
433,,,ការបញ្ចប់ និងការបង្ហើយការសាងសង់អាគារ
,4330(1),,ការបញ្ចប់ និងការបង្ហើយការសាងសង់អាគារ
,,43301,ការលាបថ្នាំ និងកិច្ចការពាក់ព័ន្ធ
,,43302,ឥដ្ឋក្រាលជញ្ជាំង និងកម្រាល ឬក្រាលនិងសម្ភារៈផ្សេងៗ
,,43303,ផ្នែកជាងឈើ
,,43304,ការសម្អាតអគារថ្មីបន្ទាប់ពីសាងសង់
,,43309,ការបញ្ចប់ និងបង្ហើយការសាងសង់អគារដទៃទៀតដែលមិនបានរាប់បញ្ចូល
439,,,សកម្មភាពសាងសង់ឯកទេសដទៃទៀត
,4390(1),,សកម្មភាពសាងសង់ឯកទេសដទៃទៀត
,,43901,ការជួសជុលមាស៊ីន និងឧបករណ៍សំណង់
,,43909,សកម្មភាពសាងសង់ឯកទេសដទៃទៀតដែលមិនបានរាប់បញ្ចូល
451,,,ការលក់យានយន្ត
,4510(1),,លកដុំនិងរាយយានយន្តថ្មីៗ និងយានយន្តប្រើប្រាស់រួច
,,45101,លកដុំនិងរាយនូវយានយន្តថ្មីៗ 
,,45102,លកដុំនិងរាយនូវយានយន្តដែលប្រើប្រាស់រួច
,,45103,លក់នូវយានយន្តថ្មីសម្រាប់ឧស្សាហកម្ម ពាណិជ្ជកម្ម កសិកម្ម(២)
,,45104,លក់នូវយានយន្តប្រើរួចសម្រាប់ឧស្សាហកម្ម ពាណិជ្ជកម្ម កសិកម្ម
452,,,ការថែទាំ និងការជួសជុលយានយន្ត
,4520(3),,ការថែទាំ និងការជួសជុលយានយន្ត
,,45201,ការថែទាំ និងការជួសជុលយានយន្ត រួមទាំងការសណ្តោងយានយន្ត
,,45202,លាបថ្នាំ និងបាញ់ថ្នាំ។ល។
,,45203,លាង និងប៉ូលាយានយន្ត
,,45204,ជួសជុលកៅអីយានយន្ត
,,45205,ជួសជុលកង់ និងពោះវៀនកង់ការផ្លាស់ប្តូរ ឬការប៉ះពោះវៀនធ្លាយ
,,45206,ការតម្លើងគ្រឿងបន្លាស់ និងគ្រឿងបន្ទាប់បន្សំផ្សេងៗដែលមិនបានតម្លើងពីរោងចក្រ
453,,,ការលក់គ្រឿងបន្លាស់យានយន្ត និងគ្រឿងបន្ទាប់បន្សំ
,4530(4),,ការលក់គ្រឿងបន្លាស់យានយន្ត និងគ្រឿងបន្ទាប់បន្សំ
,,45300,ការលក់ដុំនិងលក់រាយរាល់គ្រឿងបន្លាស់យានយន្ត គ្រឿងបន្លាស់ គ្រឿងបរិក្ខារ ឧបករណ៍ និងគ្រឿងបន្ទាប់បន្សំសម្រាប់យានយន្ត(៥)
454,,,ការលក់ថែទាំនិងជួសជុលទោចក្រយានយន្ត និងគ្រឿងបន្លាស់និងគ្រឿងបន្ទាប់បន្សំដែលពាក់ព័ន្ធ
,4540(1),,ការលក់ថែទាំនិងជួសជុលទោចក្រយានយន្ត និងគ្រឿងបន្លាស់និងគ្រឿងបន្ទាប់បន្សំដែលពាក់ព័ន្ធ
,,45401,លក់ដុំនិងលក់រាយនូវទោចក្រយានយន្ត រួមទាំងកង់មានម៉ាស៊ីន
,,45402,លក់ដុំនិងលក់រាយ រួមទាំងការកម៉្មង់តាមសារនូវគ្រឿងបន្លាស់និងគ្រឿងបន្លាស់បន្ទាប់បន្សំទោចក្រយានយន្ត
,,45403,ជួលជុលនិងថែទាំទោចក្រយានយន្ត
461,,,ការលក់ដុំដោយទទួលប្រាក់កម្រៃ ឬផ្អែកលើកិច្ចសន្យា
,4610(1),,ការលក់ដុំដោយទទួលប្រាក់កម្រៃ ឬផ្អែកលើកិច្ចសន្យា
,,46100,ការលក់ដុំដោយទទួលប្រាក់កម្រៃ ឬផ្អែកលើកិច្ចសន្យា
462,,,ការលក់ដុំវត្ថុធាតុដើមកសិកម្មនិងសត្វរស់
,4620(2),,ការលក់ដុំវត្ថុធាតុដើម និងសត្វ ៨៩៣
,,46201,លក់ដុំជ័រកៅស៊ូ
,,46202,លក់ដុំប្រេងដូង
,,46203,លក់ដុំឈើកែច្នៃមូល និងឈើកែច្នៃជាបន្ទះ
,,46204,លក់ដុំផ្កានិងរុក្ខជាតិ
,,46205,លក់ដុំសត្វ
,,46209,លក់ដុំផលិតផលកសិកម្មផ្សេងទៀត
463,,,ការលក់ដុំអាហារភេសជ្ជៈនិងថ្នាំជក់
,4631,,ការលក់ដុំសាច់ត្រី ផ្លែឈើ និងបន្លែ
,,46311,ការលក់ដុំសាច់ បក្សី និងស៊ុត
,,46312,ការលក់ដុំត្រី និងគ្រឿងសមុទ្រ
,,46313,ការលក់ដុំផ្លែឈើ
,,46314,ការលក់ដុំបន្លែ
,4632,,ការលក់ដុំអាហារ ភេសជ្ជៈ និងថ្នាំជក់ដទៃទៀត
,,46321,ការលក់ដុំស្រូវ អង្គរ គ្រប់ធញ្ញជាតិ ម្សៅមី និងស្ករ
,,46322,ការលក់ដុំផលិតផលដែលធ្វើពីទឹកដោះគោ
,,46323,ការលក់ដុំផលិតផលផ្អែម (នំ ស្ករគ្រាប់)
,,46324,ការលក់ដុំនំ នំបុ័ង និងបណ្តាផលិតផលនំបុ័ង
,,46325,ការលក់ដុំកាហ្វេ តែ កាកាវនិងភេសជ្ជៈផ្សេងទៀត
,,46326,ការលក់ដុំស្រាបៀរ ស្រាក្រហមនិងស្រា(១)
,,46327,លក់ដុំថ្នាំជក់ បារី និងស៊ីហ្កា
,,46329,លក់ដុំនូវអាហារគ្រប់ប្រភេទ(២)
464,,,ការលក់ដុំទំនិញប្រើប្រាស់ក្នុងផ្ទះ
,4641(1),,ការលក់ដុំផលិតផលវាយនភ័ណ្ឌ សម្លៀកបំពាក់ និងផលិតផលសម្រាប់ពាក់នឹងជើង
,,46411,ការលក់ដុំអំបោះនិងក្រណាត់
,,46412,ការលក់ដុំក្រណាត់ឡែន កន្សែងពោះគោ និងភួយ ។ល។
,,46413,ការលក់ដុំសម្លៀកបំពាក់ និងគ្រឿងបន្ទាប់បន្សំ(២)
,,46414,ការលក់ដុំផលិតផលសម្រាប់ពាក់នឹងជើង
,,46419,ការលក់ដុំផលិតផលវាយនភ័ណ្ឌ និងសម្លៀកបំពាក់(៣)
,4642,,ការលក់ដុំផលិតផលឱសថ និងផលិតផលប្រើក្នុងបន្ធប់ទឹក
,,46421,ការលក់ដុំផលិតផលឱសថ និងផលិតផលសុខាភិបាល
,,46422,ការលក់ដុំទឹកអប់ គ្រឿងសម្អាង និងសាប៊ូ
,4643,,ការលក់ដុំសម្ភារៈកីឡា ល្បែងលេង ស្បែក និងផលិតផលសម្រាប់ការធ្វើដំណើរ និងឧបករណ៍ភ្លេង
,,46431,ការលក់ដុំកង់ គ្រឿងបន្លាស់កង់ និងគ្រឿងបន្ទាប់បន្សំ
,,46432,ការលក់ដុំផលិតផលរូបថត និងផលិតផលអុបតិច(៤)
,,46433,ការលក់ដុំផលិតផលស្បែក និងសម្ភារៈសម្រាប់ធ្វើដំណើរ(៥)
,,46434,ការលក់ដុំឧបករណ៍តន្រ្តី ល្បែងលេង ប្រដាប់ក្មេងលេង និងសម្ភារៈកីឡា(៦)
,4644,,ការលក់ដុំផលិតផលសិប្បកម្ម នាឡិកាដៃ នាឡិកា និងគ្រឿងអលង្ការ
,,46441,ការលក់ដុំផ្កាសិប្បនិម្មិត និងផលិតផលសិប្បកម្ម
,,46442,លក់ដុំផ្កា និងដើមឈើដែលកាត់ចេញពីដើម
,,46443,លក់ដុំនាឡិកាដៃ នាឡិកា និងគ្រឿងអលង្ការ
,4649(1),,ការលក់ដុំសម្ភារៈប្រើប្រាស់ក្នុងផ្ទះដទៃទៀត
,,46491,ការលក់ដុំគ្រឿងសង្ហារិមប្រើប្រាស់ក្នុងផ្ទះ
,,46492,ការលក់ដុំគ្រឿងឧបករណ៍ប្រើប្រាស់ក្នុងផ្ទះ
,,46493,ការលក់ដុំសម្ភារៈការិយាល័យ សៀវភៅ ទស្សនាវដ្តី កាសែត
,,46499,ការលក់ដុំនិងរាយគ្រឿងប្រើប្រាស់ក្នុងផ្ទះ(២)
465,,,ការលក់ដុំគ្រឿងម៉ាស៊ីនឧបករណ៍និងសម្ភារៈផ្គត់ផ្គង់ផ្សេងៗ
,4651(3),,លក់ដុំកុំព្យូទ័រ សម្ភារៈបន្ទាប់បន្សំកុំព្យូទ័រនិងកម្មវិធី
,,46510,ការលក់ដុំកុំព្យូទ័រ សម្ភារៈបន្ទាប់បន្សំកុំព្យូទ័រ និងកម្មវិធី
,4652(4),,ការលក់ដុំឧបករណ៍ទូរគមនាគមន៍ គ្រឿងអេឡិចត្រូនិក និងគ្រឿងបន្លាស់
,,46521,ការលក់ដុំទូរស័ព្ទ និងឧបករណ៍ទូរគមនាមន៍រួមទាំងទូរស័ព្ទដៃ។ល។
,,46522,ការលក់ដុំខ្សែអាត់ទទេ ឌីសផ្ទុកទិន្អន័យស៊ីឌី និងវីស៊ីឌី
,,46529,ការលក់ដុំ ឧបករណ៍អេឡិចត្រូនិកដទៃទៀត(៥)
,4653(1),,ការលក់ដុំគ្រឿងម៉ាស៊ីនឧបករណ៍ និងបរិក្ខារផ្គត់ផ្គង់កសិកម្ម
,,46531,ការលក់ដុំគ្រឿងម៉ាស៊ីន ឧបករណ៍ និងបរិក្ខារផ្គត់ផ្គង់កសិកម្ម(២)
,4659(3),,ការលក់ដុំគ្រឿងម៉ាស៊ីន និងឧបករណ៍ផ្សេងៗទៀត
,,46591,ការលក់ដុំម៉ាស៊ីនប្រើក្នុងការិយាល័យ និងឧបករណ៍សម្រាប់អាជីវកម្មលើកលែងតែលក់ដុំកុំព្យូទ័រនិងឧបករណ៍បន្ទាប់បន្សំកុំព្យូទ័រ
,,46592,ការលក់ដុំគ្រឿងសង្ហារិមការិយាល័យ
,,46599,ការលក់ដុំម៉ាស៊ីនផ្សេងៗសម្រាប់ប្រើប្រាស់នៅក្នុងឧស្សាហកម្ម ពាណិជ្ជកម្ម និង​ប្រព័ន្ធបង្ហាញផ្លូវ ព្រមទាំងសេវាកម្មផ្សេងៗ(៤)
466,,,ការលក់ដុំឯកទេសផ្សេងៗ
,4661,,ការលក់ដុំផលិតផលឥន្ធនៈរឹង រាវ និងឧស្ម័ន និងផលិតផលពាក់ព័ន្ធ
,,46611,ការលក់ដុំប្រេងសាំង ប្រេងម៉ាស៊ូត ប្រេងរំអិល ។ល។
,,46612,ការលក់ដុំឧស្ម័នឥន្ធនៈរាវ
,,46619,ការលក់ដុំផលិតផលឥន្ធនៈរឹង រាវ និងឧស្ម័ន និងផលិតផលពាក់ព័ន្ធ(១)
,4662(2),,ការលក់ដុំលោហៈធាតុ និងរ៉ែលោហៈធាតុ
,,46620,ការលក់ដុំផលិតផល និងរ៉ែលោហៈធាតុពាក់កណ្ដាលសម្រេចដែលមាន ជាតិដែក និងគ្មានជាតិដែក
,4663,,ការលក់ដុំសម្ភារៈសំណង់ សម្ភារៈរឹងឧបករណ៍និងបរិក្ខារប្រព័ន្ធទឹក និងប្រព័ន្ធកំដៅ 
,,46631,ការលក់ដុំឈើហុប ឈើអារ ក្តារបន្ទះ  បន្ទះក្តារស្តើងនិងផលិតផលពាក់ព័ន្ធ
,,46632,ការលក់ដុំថ្នាំលាប និងថ្នាំលាបឈើឲ្យរលោង 
,,46633,ការលក់ដុំឧបករណ៍ និងសម្ភារៈសំណង់(៣)
,,46634,ការលក់ដុំគ្រឿងសម្រាប់បន្ថែមភ្ជាប់លើអាគារ ឬសង្ខារឹម
,,46635,ការលក់ដុំម៉ាស៊ីនទឹកក្តៅ និងឧបករណ៍អនាម័យ និងម៉ាស៊ីនកម្ដៅទឹក(៤)
466,,,ការលក់ដុំឯកទេសផ្សេងៗ
,4664,,ការលក់ដុំផលិតផលគីមី និងសារធាតុគីមី
,,46641,ការលក់ដុំសារធាតុគីមីសម្រាប់ឧស្សាហកម្ម(១)
,,46642,ការលក់ដុំជី និងផលិតផលគីមីកសិកម្ម 
,,46643,ការលក់ដុំសម្ភារៈធ្វើពីប្លាស្ទិកមិនទាន់កែច្នៃ
,,46644,ការលក់ដុំសរសៃអំបោះវាយនភ័ណ្ឌ។ល។ 
,,46645,ការលក់ដុំក្រដាសក្នុងចំនួនច្រើន និងសម្ភារៈវេចខ្ចប់
,4665(2),,ការលក់ដុំកាកសំណល់ និងកំទេចកម្ទី
,,46651,លក់ដុំកាកសំណល់ និងកំទេចកម្ទី(៣)
,,46652,ការរុះកម្ទេចរថយន្ត កុំព្យូទ័រ ទូរទស្សន៍ និងឧបករណ៍ផ្សេងៗទៀតដើម្បីយក និងលក់បន្តនូវផ្នែកណាមួយដែលប្រើប្រាស់បាន(៤)
,,46659,ការលក់ដុំកម្ទេចកំទី កាកសំណល់ និងផលិតផលផ្សេងៗ 
469,,,ជំនួញលក់ដុំដោយមិនមានឯកទេស
,4690,,ជំនួញលក់ដុំមិនមានឯកទេស(ការលក់ដុំទំនិញច្រើនប្រភេទដោយមិនមានឯកទេសណាមួយ)
,,46900,ការលក់ដុំសម្រាប់ទំនិញទូទៅការលក់ដុំទំនិញច្រើនប្រភេទដោយមិនមានឯកទេសណាមួយ
471,,,ការលក់រាយក្នុងហាងមិនឯកទស
,4711,,ការលក់រាយក្នុងហាងមិនឯកទេស ភាគច្រើនជាចំណីអាហារ ភេសជ្ជៈឬផលិតផលថ្នាំជក់
,,47111,ហាងលក់គឿងទេស
,,47112,ផ្សារទំនើប
,,47113,ផ្សារទំនើបខ្នាតតូច(១)
,4719,,លក់រាយផ្សេងទៀតនៅក្នុងហាងដែលមិនឯកទេស
,,47191,ផ្សារលក់ទំនិញធំៗដែលមាន ឬមិនមានផ្សារទំនើប(២)
,,47192,ការលក់រាយនៅក្នុងហាងមិនឯកទេស 
472,,,ការលក់រាយអាហារ ភេសជ្ជៈ និងថ្នាំជក់ក្នុងហាងឯកទេស
,4721(3),,ការលក់រាយអាហារនៅក្នុងហាងឯកទេស 
,,47211,ការលក់រាយនូវអង្ករ ម្សៅ គ្រាប់ធញ្ញជាតិ និងស្ករ
,,47212,ការលក់រាយបន្លែ និងផ្លែឈើស្រស់ ឬរក្សាទុកក្រៀម 
,,47213,ការលក់រាយសាច់ និងផលិតផលសាច់ (រួមទាំងបក្សី)
,,47214,ការលក់រាយត្រី គ្រឿងសមុទ្រ និងផលិតផលដូចនេះ 
,,47215,ការលក់រាយ ផលិតផលនំប៉័ង
,,47216,ការលក់រាយផលិតផលស្ករគ្រាប់ និងនំ 
,,47217,ការលក់រាយមី ស្បែក និងផលិតផលអាហារផ្សេងទៀតធ្វើពីម្សៅមី និងសណ្តែកសៀង
,,47219,ការលក់រាយនូវផលិតផលអាហារផ្សេងៗ
,4722,,ការលក់រាយភេសជ្ជៈនៅក្នុងហាងឯកទេស
,,47221,ការលក់រាយនូវស្រាបៀរ ស្រា និងគ្រឿងស្រវឹងផ្សេងទៀត
,,47222,ការលក់រាយនូវតែ កាហ្វេ និងភេសជ្ជៈ ផ្សេងទៀត 
,,47223,ការលក់រាយភេសជ្ជៈ និងទឹកច្រកដប
,4723,,លក់រាយនូវផលិតផលថ្នាំជក់នៅក្នុងហាងឯកទេស
,,47230,លក់រាយផលិតផលថ្នាំជក់និងថ្នាំជក់
473,,,ការលក់រាយប្រេងឥន្ធនៈយានយន្តនៅក្នុងហាងឯកទេស 
,4730(1),,ការលក់រាយប្រេងឥន្ធនៈយានយន្តនៅក្នុងហាងឯកទេស
,,47300,លក់រាយនូវប្រងឥន្ធនៈសម្រាប់យានយន្ត ឬទោចក្រយានយន្ត(២)
474,,,ការលក់រាយឧបករណ៍ផ្នែកព័ត៌មាន និងទំនាក់ទំនងនៅក្នុងហាងឯកទេស
,4741(3),,ការលក់រាយនូវកុំព្យូរទ័រ គ្រឿងកុំព្យូរទ័រ កម្មវិធីកុំព្យូរទ័រ និងឧបករណ៍ ទំនាក់ទំនងផ្សេងទៀតនៅក្នុងហាងឯកទស
,,47411,ការលក់រាយនូវកុំព្យូរទ័រ និងឧបករណ៍បន្ទាប់បន្សំ(៤)
,,47412,ការលក់រាយឧបករណ៍លេងហ្គេម 
,,47413,ការលក់រាយកម្មវិធីសម្រាប់ប្រើទូទៅ រួមមានវីឌីអូហ្គេម
,,47414,ការលក់រាយទូរស័ព្ទដៃ និងឧបករណ៍ទូរគមនាគមន៍ផ្សេងៗ
,4742,,លក់រាយឧបករណ៍វីឌីអូ និងសោតទស្សន៍នៅក្នុងហាងឯកទេស
,,47421,ការលក់រាយគ្រឿងវិទ្យុ និងទូរទស្សន៍
,,47422,ការលក់រាយម៉ាស៊ីនចាក់ និងម៉ាស៊ីនថតស៊ីឌី និងឌីវីឌី និងឧបករណ៍បំពងសម្លេង និងឧបករណ៍សម្លេង
475,,,ការលក់រាយឧបករណ៍ប្រើប្រាស់ក្នុងគ្រួសារផ្សេងៗក្នុងហាងឯកទេស
,4751(5),,ការលក់រាយផលិតផលវាយនភ័ណ្ឌនៅក្នុងហាងឯកទេស 
,,47510,ការលក់រាយផលិតផលវាយភ័ណ្ឌ ក្រណាត់ និងអំបោះសម្រាប់ចាក់(៦)
,4752,,ការលក់រាយសម្ភារៈផ្នែករឹង ថ្នាំលាប និងកែវនៅក្នុងហាងឯកទេស 
,,47520,ការលក់រាយសម្ភារៈផ្នែករឹង ថ្នាំលាប និងកែវ(៧)
,4753,,ការលក់រាយកម្រាលព្រំ ក្រណាត់ជូតជើង សម្ភារៈក្រាលកម្រាល និងជញ្ជាំង នៅក្នុងហាងឯកទេស
,,47531,ការលក់រាយកម្រាលព្រំ និងក្រណាត់ជូតជើង
,,47532,ការលក់រាយវាំងនន និងវាំងននសំណាញ់
,,47533,ការលក់រាយក្រដាសបិតជញ្ជាំង ឥដ្ឋស៊ីរ៉ាមិច និងកម្រាលផ្សេងៗ
,4759(1),,ការលក់រាយឧបករណ៍អេឡិចត្រូនិចប្រើប្រាស់ក្នុងផ្ទះ និងគ្រឿងសង្ហារិម ឧបករណ៍បំភ្លឺ និងឧបករណ៍ដទៃទៀត នៅក្នុងហាងឯកទេស
,,47591,ការលក់រាយគ្រឿងសង្ហារិមនៅក្នុងផ្ទះ(២)
,,47592,ការលក់រាយគ្រឿងបំភ្លឺ
,,47593,ការលក់រាយសម្ភារៈប្រើក្នុងផ្ទះបាយ កាំបិត ចង្ក្រាន កែវ ចាន និងឆ្នាំង 
,,47594,ការលក់រាយឧបករណ៍ប្រើក្នុងផ្ទះ
,,47595,ការលក់រាយឧបករណ៍តន្រ្តីសៀវភៅភ្លេង
,,47596,ការលក់រាយប្រព័ន្ធសុវត្ថិភាព(៣)
,,47599,ការលក់រាយឧបករណ៍និងសម្ភារៈប្រើក្នុងគ្រួសារដែលមិនបានរាប់ចូល
476,,,ការលក់រាយទំនិញវប្បធម៌និងកម្សាន្តនៅក្នុងហាងឯកទេស
,4761(4),,ការលក់រាយសៀវភៅ កាសែត សម្ភារៈការិយាល័យក្នុងហាងឯកទេស 
,,47611,ការលក់រាយឧបករណ៍ និងបរិក្ខារប្រើក្នុងការិយាល័យ
,,47612,ការលក់រាយសៀវភៅ កាសែត សម្ភារៈការិយាល័យ
,4762,,ការលក់រាយតន្រ្តីនិងវីឌីអូ នៅក្នុងហាងឯកទេស(៥)
,,47620,ការលក់រាយតន្រ្តី និងវីឌីអូ ដែលថតដាក់ឌីស វីស៊ីឌី និងឌីវិឌី 
,4763,,ការលក់រាយឧបករណ៍កីឡានៅក្នុងហាងឯកទស
,,47631,ការលក់រាយទំនិញ និងឧបករណ៍កីឡា រួមមានប្រដាប់ស្ទូចត្រី
,,47632,ការលក់រាយទំនិញសម្រាប់បោះជំរុំ
,,47633,ការលក់រាយទូក និងឧបករណ៍ពាក់ព័ន្ធ
,,47634,ការលក់រាយកង់ និងគ្រឿងបន្លាស់ និងគ្រឿងបន្ទាប់បន្សំ
,4764(1),,ការលក់រាយហ្គេម និងប្រដាប់ក្មេងលេងនៅក្នុងហាងឯកទស 
,,47640,ការលក់រាយហ្គេម និងប្រដាប់ក្មេងលេង ធ្វើពីគ្រប់សារធាតុ
477,,,ការលក់រាយទំនិញផ្សេងៗទៀតនៅក្នុងហាងឯកទេស
,4771(2),,ការលក់រាយសម្លៀកបំពាក់ ផលិតផលពាក់នឹងជើង និងផលិតផល ស្បែកនៅក្នុងហាងឯកទេស 
,,47711,ការលក់រាយសម្លៀកបំពាក់ និងគ្រឿងបន្ទាប់បន្សំ (៣)
,,47712,ការលក់រាយផលិតផលពាក់នឹងជើង
,4772,,ការលក់រាយឱសថគ្រឿងសម្អាង ផលិតផលប្រើក្នុងបង្គន់នៅក្នុងហាងឯកទេស
,,47721,ហាងមានឯកទេសលក់រាយឱសថ
,,47722,ហាងមានឯកទេសលក់រាយទឹកអប់ និងគ្រឿងសម្អាង
,4773,,ការលក់រាយផលិតផលថ្មីផ្សេងៗទៀតនៅក្នុងហាងឯកទេស 
,,47731,ការលក់រាយឧបករណ៍រូបថត និងឧបករណ៍កំណត់ទីតាំងជាក់លាក់ 
,,47732,ការលក់រាយនាឡិកាដៃ នាឡិកាព្យួរជញ្ជាំង និងគ្រឿងអលង្ការ
,,47733,ការលក់រាយផ្កា រុក្ខជាតិ គ្រាប់ពូជ ជី 
,,47734,ការលក់រាយវត្ថុអនុស្សាវរីយ៍ ផលិតផលសិប្បកម្ម សម្ភារៈសាសនា 
,,47735,ការលក់រាយប្រេងឥន្ធនៈប្រើក្នុងផ្ទះ ឧស្ម័នដប ធ្យូង អុស 
,,47736,ការលក់រាយវែនតា និងផលិតផលអុបទិកផ្សេងៗទៀត(៤)
,,47737,ការលក់រាយត្រី សត្វចិញ្ចឹម និងចំណីសម្រាប់សត្វចិញ្ចឹម
,4774(1),,ការលក់រាយផលិតផលជជុះ
,,47741,ការលក់រាយសៀវភៅជជុះ
,,47742,ការលក់រាយផលិតផលអគ្គិសនី និងអេឡិចត្រូនិកជជុះ
,,47743,ការលក់រាយវត្ថុបុរាណ
,,47749,ការលក់រាយផលិតផលជជុះផ្សេងៗ(២)
478,,,ការលក់រាយនៅតាមតូបនិងទីផ្សារ
,4781(3),,ការលក់រាយអាហារ ភេសជ្ជៈ ថ្នាំជក់នៅតាមតូប និងក្នុងផ្សារ 
,,47810,ការលក់រាយអាហារ ភេសជ្ជៈ ថ្នាំជក់នៅតាមតូប និងទីផ្សារ
,4782,,ការលក់រាយផលិតផលវាយណភ័ណ្ឌ សម្លៀកបំពាក់ ផលិតផលពាក់នឹងជើង នៅតាមតូប និងទីផ្សារ
,,47820,ការលក់រាយផលិតផលវាយណភ័ណ្ឌ សម្លៀកបំពាក់ ផលិតផលពាក់នឹងជើង នៅតាមតូប និងទីផ្សារ
,4789,,ការលក់ទំនិញផ្សេងៗនៅតាមតូប និងទីផ្សារ
,,47891,ការលក់រាយកម្រាលព្រំ និងកម្រាលជើងនៅតាមតូប ឬទីផ្សារ
,,47892,ការលក់រាយសៀវភៅនៅតាមតូប ឬទីផ្សារ
,,47893,ការលក់រាយហ្គេម និងប្រដាប់ក្មេងលេងនៅតាមតូបឬទីផ្សារ 
,,47894,ការលក់រាយគ្រឿងបរិក្ខាប្រើក្នុងផ្ទះ និងគ្រឿងអេឡិចត្រូនិចសម្រាប់អ្នកប្រើប្រាស់នៅតាមតូប ឬទីផ្សារ 
,,47895,ការលក់រាយតន្រ្តី និងវីឌេអូនៅតាមតូប ឬទីផ្សារ
479,,,ការលក់រាយ​ ឬជួលមិននៅក្នុងហាងតូបឬទីផ្សារ
,4791,,ការលក់រាយតាមកន្លែងបញ្ជាទិញតាមសារ ឬតាមអ៊ីនធឺណេត
,,47911,ការលក់រាយតាមប្រព័ន្ធសារ​​ ឬតាមអ៊ីនធឺណេត
,,47912,សកម្មភាពជួល​ ឬផ្លាស់ប្ដូរទំនិញ​ ឬសេវាកម្មតាមប្រព័ន្ធអេឡិចត្រូនិក
,4799(4),,លក់រាយផ្សេងទៀតដែលមិននៅក្នុងហាង តូប ឬទីផ្សារ 
,,47999,លក់រាយផ្សេងៗទៀតដែលមិននៅក្នុងហាង តូប ឬទីផ្សារ(៥)
491,,,ការដឹកជញ្ជូនតាមផ្លូវដែក
,4911(1),,ការដឹកជញ្ជូនអ្នកដំណើរតាមផ្លូវដែក ឬរវាងទីប្រជុំជន
,,49110,ការដឹកជញ្ជូនអ្នកដំណើរតាមផ្លូវដែករវាងទីប្រជុំជន 
,4912(2),,ការដឹកជញ្ជូនទំនិញតាមផ្លូវដែក
,,49120,ការដឹកជញ្ជូនទំនិញតាមផ្លូវដែករវាងទីប្រជុំជន តំបន់ជាយក្រុងរវាងទីប្រជុំជន
492,,,ការដឹកជញ្ជូនតាមផ្លូវគោកផ្សេងទៀត
,4921,,ការដឹកជញ្ជូនអ្នកដំណើរតាមផ្លូវគោកនៅទីប្រជុំជន និងតំបន់ជាយក្រុង
,,49211,សេវាកម្មរថយន្តដឹកអ្នកដំណើរនៅក្រុង
,4922,,ការដឹកជញ្ជូនអ្នកដំណើរតាមផ្លូវគោកផ្សេងទៀត
,,49221,សេវាកម្មរថយន្តដឹកអ្នកដំណើរតាមជនបទ និងរវាងទីក្រុង
,,49222,សេវាកម្មរថយន្តឈ្នួល និងរថយន្តទំនើប 
,,49223,ការជួលរថយន្តដោយមានអ្នកបើកបរ
,,49224,រ៉ឺម៉កម៉ូតូ(៣)
,,49225,ម៉ូតូឌុប
,,49229,ការដឹកជញ្ជូនអ្នកដំណើរតាមផ្លូវគោកផ្សេងទៀត(៤)
,4923(1),,ការដឹកជញ្ជូនទំនិញតាមផ្លូវគោក
,,49230,ការដឹកជញ្ជូនទំនិញតាមផ្លូវគោក
493,,,ការដឹកជញ្ជូនតាមប្រព័ន្ធបំពង់
,4930(2),,ការដឹកជញ្ជូនតាមប្រព័ន្ធបំពង់
,,49300,ការដឹកជញ្ជូនតាមប្រព័ន្ធបំពង់
501,,,ការដឹកជញ្ជូននៅទឹកសមុទ្រជ្រៅ និងក្បែរតំបន់ឆ្នេរ 
,5011(1),,ការដឹកជញ្ជូនអ្នកដំណើរតាមទឹកសមុទ្រជ្រៅ និងក្បែរតំបន់ឆ្នេរ 
,,50110,ការដឹកជញ្ជូនអ្នកដំណើរតាមទឹកសមុទ្រជ្រៅ និងក្បែរតំបន់ឆ្នេរ 
,5012(2),,ការដឹកជញ្ជូនតំបន់តាមទឹកសមុទ្រជ្រៅ និងក្បែរតំបន់ឆ្នេរ 
,,50120,ការដឹកជញ្ជូនតំបន់តាមទឹកសមុទ្រជ្រៅ និងក្បែរតំបន់ឆ្នេរ 
502,,,ការដឹកជញ្ជូនតាមផ្លូវទឹកសាប 
,5021,,ការដឹកជញ្ជូនអ្នកដំណើរតាមផ្លូវទឹកសាប
,,50211,សាឡាង
,,50212,ការដឹកជញ្ជូនអ្នកដំណើរតាមទន្លេ ព្រែក បឹង និងផ្លូវទឹកសាបដទៃទៀត រួមមានទាំងនៅក្នុងកំពង់ផែ
,,50213,ការជួលទូកជិះកម្សាន្តដោយមានអ្នកបើកបរសម្រាប់ដឹកជញ្ជូននៅផ្លូវទឹកសាប 
,5022,,ការដឹកជញ្ជូនទំនិញតាមផ្លូវទឹកសាប
,,50220,ការដឹកជញ្ជូនទំនិញតាមទន្លេ ព្រែក បឹង និងផ្លូវទឹកសាបដទៃទៀត រួម មានទាំងនៅក្នុងផែ
511,,,ការដឹកជញ្ជូនអ្នកដំណើរតាមផ្លូវអាកាស
,5110(1),,ការដឹកជញ្ជូនអ្នកដំណើរតាមផ្លូវអាកាស
,,51100,ការដឹកជញ្ជូនអ្នកដំណើរតាមផ្លូវអាកាសអន្តរជាតិ
,,51101,ការដឹកជញ្ជូនអ្នកដំណើរតាមផ្លូវអាកាសក្នុងស្រុក
512,,,ការដឹកជញ្ជូនទំនិញតាមផ្លូវអាកាស
,5120,,ការដឹកជញ្ជូនទំនិញតាមផ្លូវអាកាស
,,51200,ការដឹកជញ្ជូនទំនិញតាមផ្លូវអាកាសអន្តរជាតិ
,,51201,ការដឹកជញ្ជូនទំនិញតាមផ្លូវអាកាសក្នុងស្រុក
521,,,ការស្តុកទំនិញក្នុងឃ្លាំង និងការស្តុកទុក
,5210(1),,ការស្តុកទំនិញក្នុងឃ្លាំង និងការស្តុកទុក
,,52100,សេវាកម្មស្តុកទំនិញក្នុងឃ្លាំង និងការស្តុកទុក
522,,,សកម្មភាពគាំទ្រការដឹកជញ្ជូន
,5221(2),,សកម្មភាពសេវាកម្មអមសម្រាប់ការដឹកជញ្ជូនផ្លូវគោក
,,52211,ប្រតិបតិ្តការទីកន្លែងចំណត(៣)
,,52212,ប្រតិបតិ្តការផែស្ងួត
,,52213,ប្រតិបត្តិការកន្លែងចំណតសម្រាប់យានយន្ត(៤)
,,52219,សកម្មភាពសេវាកម្មអមផ្សេងៗទៀតសម្រាប់ការដឹកជញ្ជូនផ្លូវគោកដែលមិនបានរាប់បញ្ជូល(៥)
,5222(1),,សកម្មភាពសេវាកម្មអមសម្រាប់ការដឹកជញ្ជូនតាមផ្លូវទឹក
,,52221,សេវាកម្មប្រតិបត្តិការកំពង់ផែ
,,52222,សេវាកម្មជួយស្រង់ និងការដាក់បណ្តែតទឹកកប៉ាល់ឡើងវិញ
,,52229,សកម្មភាពសេវាកម្មអមផ្សេងៗទៀតសម្រាប់ការដឹកជញ្ជូនផ្លូវទឹកដែលមិនបានរាប់បញ្ចូល
,5223(2),,សកម្មភាពសេវាកម្មអមសម្រាប់ការដឹកជញ្ជូនតាមផ្លូវអាកាស
,,52230,សកម្មភាពសេវាកម្មអមសម្រាប់ការដឹកជញ្ជូនតាមផ្លូវអាកាស
,5224(1),,ការទុកដាក់ទំនិញ
,,52240,ការទុកដាក់ទំនិញ
,5229(2),,សកម្មភាពគាំទ្រដល់ការដឹកជញ្ជូនដទៃផ្សេងទៀត
,,52291,ការបញ្ចូនទំនិញ
,,52292,ការចេញ និងផ្គត់ផ្គង់ឯកសារដឹកជញ្ជូន
,,52293,សកម្មភាពភ្នាក់ងាររៀបចំឯកសារគយ
,,52299,សកម្មភាពគាំទ្រដល់ការដឹកជញ្ជូនដទៃផ្សេងទៀតដែលមិនបានរាប់បញ្ចូល(៣)
531,,,សកម្មភាពសេវាកម្មប្រៃសណីយ៍
,5310,,សកម្មភាពសេវាកម្មប្រៃសណីយ៍
,,53100,សកម្មភាពសេវាកម្មប្រៃសណីយ៍(១)
532,,,សកម្មភាពអ្នកផ្តល់សេវាកម្មបញ្ញើ
,5320(2),,សកម្មភាពអ្នកផ្តល់សេវាកម្មបញ្ញើ
,,53200,សកម្មភាពអ្នកផ្តល់សេវាកម្មបញ្ញើ ក្រៅពីសកម្មភាពប្រៃសណីយ៍ជាតិ(៣)
551,,,សកម្មភាពសេវាកម្មស្នាក់នៅ
,5510(1),,សកម្មភាពសេវាកម្មស្នាក់នៅ
,,55101,សណ្ឋាគារនិងសណ្ឋាគាររីសត
,,55102,ម៉ូតែល
,,55103,សណ្ឋាគារ អាផាតមិន
,,55104,ផ្ទះសំណាក់ ផ្ទះជួល(២)
,,55105,ផ្ទះស្នាក់អាស្រ័យ
,,55109,សកម្មភាពសេវាកម្មស្នាក់នៅ ដទៃទៀតដែលពុំបានរាប់បញ្ចូល 
552,,,កន្លែងបោះជុំរំ ចំណតយានយន្តទេសចរណ៍ និងសណ្តោង
,5520,,កន្លែងបោះជុំរំ ចំណតយានយន្តទេសចរណ៍ និងសណ្តោង 
,,55200,កន្លែងបោះជុំរំ ចំណតសម្រាប់យានយន្តទេសចរណ៍
559,,,ការស្នាក់នៅផ្សេងៗទៀត
,5590,,ការស្នាក់នៅផ្សេងៗទៀត
,,55901,កន្លែងស្នាក់នៅរបស់និស្សិត និងអន្តេវាសិកដ្ឋានសម្រាប់សិស្ស
,,55909,អន្តេវាសិកដ្ឋានផ្សេងៗទៀត(៣)
561,,,សកម្មភាពសេវាកម្មភោជនីយដ្ឋាន និងសេវាកម្មផ្គត់ផ្គង់អាហារចល័ត
,5610(1),,សកម្មភាពសេវាកម្មភោជនីយដ្ឋាន និងសេវាកម្មអាហារចល័ត
,,56101,ភោជនីយដ្ឋាន និងកន្លែងស៊ីផឹករង្គសាល
,,56102,កន្លែងលក់អាហាររហ័ស(២)
,,56103,ហាងលក់ការ៉េម និងការដើរលក់តាមរថយន្ត
,,56104,រទេះចល័តលក់អាហារ
,,56105,ស្តង់លក់ម្ហូបអាហារ អ្នកដើរលក់ និងការរៀបចំលក់ម្ហូបអាហារនិងភេសជ្ជៈ ក្នុងផ្សារ
562,,,ការផ្គត់ផ្គង់ម្ហូបអាហារដល់កម្មវិធី និងសកម្មភាពសេវាកម្មអាហារផ្សេងៗ
,5621(3),,ការផ្គត់ផ្គង់ម្ហូបដល់កម្មវិធី 
,,56210,ការផ្គត់ផ្គង់ម្ហូបដល់កម្មវិធី
,5629,,សកម្មភាពផ្តល់សេវាកម្មម្ហូបអាហារដទៃទៀត 
,,56290,សកម្មភាពផ្តល់សេវាកម្មម្ហូបអាហារដទៃទៀត(៤)
563,,,សកម្មភាពបម្រើភេសជ្ជៈ
,5630(5),,សកម្មភាពបម្រើភេសជ្ជៈ
,,56301,តៀមស្រា រង្គសាល ឌីស្ត បៀរហ្គាដិន និងហាងខារ៉ាអូខេ
,,56302,ហាងតែ និងកាហ្វ
,,56303,តូបលក់ភេសជ្ជៈ
,,56304,រទេះលក់ភេសជ្ជៈ ចល័ត
,,56309,កន្លែងផ្តល់សេវាកម្មភេសជ្ជៈ និងអាហារផ្សេងៗ ដែលមិនរាប់បញ្ចូល
581,,,ការបោះពុម្ពផ្សាយសៀវភៅ កាលិកបត្រ និងសកម្មភាពបោះពុម្ពផ្សាយផ្សេងទៀត
,5811(1),,ការបោះពុម្ពផ្សាយសៀវភៅ
,,58110,ការបោះពុម្ពផ្សាយសៀវភៅ សៀវភៅផ្នត់ឃោសនា និងការបោះពុម្ពផ្សាយផ្សេងទៀត(២)
,5812,,ការបោះពុម្ពផ្សាយសៀវភៅរាយឈ្មោះ និងបញ្ជីអាសយដ្ឋាន
,,58120,ការបោះពុម្ពផ្សាយបញ្ជីអាសយដ្ឋាន សៀវភៅលេខទូរស័ព្ទ និងសៀវភៅរាយឈ្មោះផ្សេងទៀត។ល។
,5813,,ការបោះពុម្ពផ្សាយកាសែត ព្រឹត្តិបត្រ និងកាលិកបត្រ
,,58130,ការបោះពុម្ពផ្សាយកាសែត ព្រឹត្តិបត្រ ទស្សនាវដ្តី និងកាលិកបត្រក្នុងទម្រង់ជាក្រដាស ឬអេឡិចត្រូនិច(៣)
,5819(១),,សកម្មភាពបោះពុម្ភផ្សាយផ្សេងៗ
,,58190,"ការបោះពុម្ភផ្សាយសៀវភៅម៉ូដ រូបថត ចម្លាក់ និង​ប្រៃសណីយ៍បត្រលិខិតបដិសណ្ឋារកិច្ច ទម្រង់ 
ប័ណ្ណប្រកាស ការផលិតឡើងវិញនូវស្នាដៃសិល្បៈ សម្ភារៈផ្សាយពាណិជ្ជកម្ម និងសម្ភារៈបោះពុម្ភ
ផ្សេងៗទៀតដែលពុំបានរាប់បញ្ចូល"
582,,,ការចេញផ្សាយកម្មវិធីកុំព្យូទ័រ
,5820(2),,ការចេញផ្សាយកម្មវិធីកុំព្យូទ័រដែលបង្កើតរួចស្រាប់ (មិនមែនតាមការតម្រូវរបស់អតិថិជន)
,,58201,ការចេញផ្សាយយកម្មវិធីហ្គេម
,,58202,ការចេញផ្សាយកម្មវិធីមិនមែនហ្គេម
,,58203,ការចេញផ្សាយកម្មវិធីកុំព្យូទ័រដែលបង្កើតរួចស្រាប់ដែលមិនបានរាប់បញ្ចូល(៣)
591,,,សកម្មភាពភាពយន្ត កម្មវិធីទូរទស្សន៍ និងវីដេអូ
,5911(1),,សកម្មភាពផលិតភាពយន្ត កម្មវិធីទូរទស្សន៍ និងវីដេអូ
,,59110,សកម្មភាពផលិតភាពយន្ត កម្មវិធីទូរទស្សន៍ និងវីដេអូ(២)
,5912(3),,សកម្មភាពក្រោយការផលិតភាពយន្ត កម្មវិធីទូរទស្សន៍ និងវីដេអូ
,,59120,សកម្មភាពក្រោយការផលិតភាពយន្ត កម្មវិធីទូរទស្សន៍ និងវីដេអូ(៤)
,5913(1),,សកម្មភាពចែកចាយភាពយន្ត កម្មវិធីទូរទស្សន៍ និងវីដេអូ
,,59130,សកម្មភាពចែកចាយភាពយន្ត កម្មវិធីទូរទស្សន៍ និងវីដេអូ(២)
,5914,,សកម្មភាពចាក់បញ្ចាំងភាពយន្ត
,,59140,ប្រតិបត្តិការរបស់រោងភាពយន្ត សកម្មភាពចាក់បញ្ចាំងភាពយន្ត(៣)
592,,,សកម្មភាពថតសំឡេង និងចេញផ្សាយតន្រ្តី
,5920(4),,សកម្មភាពថតសំឡេង និងចេញផ្សាយតន្រ្តី
,,59200,សកម្មភាពថតសំឡេង និងចេញផ្សាយតន្រ្តី
601,,,ការផ្សាយវិទ្យុ
,6010(1),,ការផ្សាយវិទ្យុ
,,60100,ការផ្សាយវិទ្យុ
602,,,សកម្មភាពបង្កើតកម្មវិធី និងការផ្សាយទូរទស្សន៍
,6020(2),,សកម្មភាពបង្កើតកម្មវិធី និងការផ្សាយទូរទស្សន៍
,,60200,សកម្មភាពបង្កើតកម្មវិធី និងការផ្សាយទូរទស្សន៍
611,,,សកម្មភាពទូរគមនាគមន៍មានខ្សែ
,6110,,សកម្មភាពទូរគមនាគមន៍មានខ្សែ
,,61100(1),ប្រតិបត្តិការទូរគមនាគមន៍មានខ្សែ
612,,,សកម្មភាពទូរគមនាគមន៍ប្រើប្រាស់បច្ចេកវិទ្យាវិទ្យុគមនាគមន៍
,6120,,សកម្មភាពទូរគមនាគមន៍ប្រើប្រាស់បច្ចេកវិទ្យាវិទ្យុគមនាគមន៍
,,61200(2),ប្រតិបត្តិការទូរគមនាគមន៍ប្រើប្រាស់បច្ចេកវិទ្យាវិទ្យុគមនាគមន៍
613,,,ប្រតិបត្តិការទូរគមនាគមន៍តាមប្រព័ន្ធផ្កាយរណប
,6130(1),,ប្រតិបត្តិការទូរគមនាគមន៍តាមប្រព័ន្ធផ្កាយរណប
,,61300,ប្រតិបត្តិការទូរគមនាគមន៍តាមប្រព័ន្ធផ្កាយរណប
619,,,សកម្មភាពទូរគមនាគមន៍ផ្សេងទៀត
,6190(2),,សកម្មភាពទូរគមនាគមន៍ផ្សេងទៀត
,,61901,ហាងកាហ្វេអ៊ីនធឺណិត ការផ្តល់សេវាកម្មអ៊ីនធឺណិតនៅកន្លែងដែលបើកទូលាយដល់សាធារណជន
,,61909,សកម្មភាពទូរគមនាគមន៍ផ្សេងទៀត ដែលពុំបានរាប់បញ្ចូល
620,,,ការបង្កើតកម្មវិធីកុំព្យូទ័រ ការពិគ្រោះយោបល់ និងសកម្មភាពពាក់ព័ន្ធ
,6201(1),,សកម្មភាពបង្កើតកម្មវិធីកុំព្យូទ័រ
,,62010,សកម្មភាពបង្កើតកម្មវិធីកុំព្យូទ័រ(២)
,6202(3),,សកម្មភាពពិគ្រោះយោបល់កុំព្យូទ័រ និងការគ្រប់គ្រងសម្ភារៈកុំព្យូទ័រ
,,62020,សកម្មភាពពិគ្រោះយោបល់កុំព្យូទ័រ និងការគ្រប់គ្រងសម្ភារៈកុំព្យូទ័រ(៤)
,6209(5),,សកម្មភាពព័ត៌មានវិទ្យា និងសេវាកម្មកុំព្យូទ័រផ្សេងទៀត
,,62090,សកម្មភាពសេវាកម្មព័ត៌មានវិទ្យាផ្សេងទៀត ដែលពុំបានរាប់បញ្ចូល(៦)
631,,,ការបំប្លែងទិន្នន័យ ការដាក់ដំណើរការលើអ៊ីនធឺណិតនិងសកម្មភាពពាក់ព័ន្ធ និងប្រព័ន្ធស្វែងរកតាមអ៊ីអ៊ីនធឺណិត
,6311,,ការបំប្លែងទិន្នន័យ ការដាក់ដំណើរការលើអ៊ីអ៊ីនធឺណិត និងសកម្មភាពពាក់ព័ន្ធ 
,,63111,មជ្ឈមណ្ឌលទិន្នន័យ
,,63112,សេវាដាក់ដំណើរការលើអ៊ីអ៊ីនធឺណិត
,,63119,ការបំប្លែងទិន្នន័យ ការវិភាគទិន្នន័យនិងសកម្មភាពពាក់ព័ន្ធ ពុំបានរាប់បញ្ចួល(១)
,6312,,ប្រព័ន្ធស្វែងរកតាមអ៊ីអ៊ីនធឺណែត
,,63120,ប្រព័ន្ធស្វែងរកតាមអ៊ីនធឺណែត(២)
639,,,សកម្មភាពសេវាកម្មព័ត៌មានផ្សេងទៀត 
,6391(3),,សកម្មភាពរបស់ទីភ្នាក់ងារព័ត៌មាន
,,63910,បណ្តាញផ្សព្វផ្សាយព័ត៌មាន និងសកម្មភាពរបស់ទីភ្នាក់ងារព័ត៌មាន ដូចជា ការផ្ដល់ព័ត៌មាន រូបភាព និងសាច់រឿងទៅដល់ប្រព័ន្ធផ្សព្វផ្សាយ 
,6399(4),,សកម្មភាពសេវាកម្មព័ត៌មានផ្សេងទៀត ដែលពុំបានរាប់បញ្ចូល 
,,63990,សកម្មភាពសេវាកម្មព័ត៌មានផ្សេងទៀត ដែលពុំបានរាប់បញ្ចូល
641,,,អន្តរការិយកម្មរូបិយវត្ថុ
,6411,,ធនាគារកណ្តាល
,,64110,ធនាគារកណ្តាល
,6419,,អន្តរការិយកម្មរូបិយវត្ថុផ្សេងទៀត
,,64191,ធនាគារពាណិជ្ជ
,,64192,គ្រឹះស្ថានមីក្រូហិរញ្ញវត្ថុទទួលប្រាក់បញ្ញើ
642,,,សកម្មភាពរបស់ក្រុមហ៊ុនហូលឌីង
,6420(2),,សកម្មភាពរបស់ក្រុមហ៊ុនហូលឌីង
,,64200,សកម្មភាពរបស់ក្រុមហ៊ុនហូលឌីង
643,,,មូលនិធិវិនិយោគ មូលនិធិ និងស្ថាប័នហិរញ្ញវត្ថុប្រហាក់ប្រហែល
,6430,,មូលនិធិវិនិយោគ មូលនិធិ និងស្ថាប័នហិរញ្ញវត្ថុប្រហាក់ប្រហែល
,,64300(3),មូលនិធិវិនិយោគ មូលនិធិ និងស្ថាប័នហិរញ្ញវត្ថុប្រហាក់ប្រហែល
649,,,សកម្មភាពសេវាកម្មហិរញ្ញវត្ថុផ្សេងទៀត លើកលែងតែសកម្មភាពធានារ៉ាប់រង និងមូលនិធិសោធននិវត្តន៍
,6491(3),,ភតិសន្យាហិរញ្ញវត្ថុ
,,64910,សកម្មភាពភតិសន្យាហិរញ្ញវត្ថុ
,6492(1),,ការផ្តល់ឥណទានផ្សេងទៀត 
,,64921,ធនាគារឯកទេស(២)
,,64922,គ្រឹះស្ថានមីក្រូហិរញ្ញវត្ថុ(៣)
,,64923,គ្រឹះស្ថានឥណទានជនបទ
,,64924,ក្រុមហ៊ុន ឬហាងទទួលបញ្ចាំ(៤)
,,64925,អ្នកចងការប្រាក់
,,64929,ភ្នាក់ងារផ្តល់ឥណទានផ្សេងទៀត ដែលពុំបានរាប់បញ្ចូល
,6499(3),,សកម្មភាពសេវាកម្មហិរញ្ញវត្ថុផ្សេងទៀតលើកលែងតែសកម្មភាព ធានារ៉ាប់រង និងមូលនិធិសោធននិវត្តន៍ ដែលពុំបានរាប់បញ្ចូល
,,64991,ក្រមហ៊ុនមូលធនឯកជន​​ រាប់បញ្ចូលទាំងក្រុមហ៊ុនផ្ដល់ទុនវិនិយោគ
,,64992,ការរិយាល័យតំណាងរបស់ធានាគារបរទេស
,,64999,"សកម្មភាពសេវាកម្មហិរញ្ញវត្ថុផ្សេងទៀត លើកលែងតែសកម្មភាព ធានារ៉ាប់រង
និងមូលនិធិសោធននិវត្តន៍ ដែលពុំបានរាប់បញ្ចូល"
651(1),,,ការធានារ៉ាប់រង
,6511,,ការធានារ៉ាប់រងអាយុជីវិត
,,65110,ការធានារ៉ាប់រងអាយុជីវិត
,6512,,ការធានារ៉ាប់រងទូទៅ
,,65120,ការធានារ៉ាប់រងទូទៅ
652,,,ការធានារ៉ាប់រងបន្ត
,6520,,ការធានារ៉ាប់រងបន្ត
,,65201,ការធានារ៉ាប់រងបន្តទូទៅ
,,65202,ការធានារ៉ាប់រងបន្តអាយុជីវិត
653,,,មូលនិធិសោធននិវត្តន៍
,6530(2),,មូលនិធិសោធននិវត្តន៍
,,65300,មូលនិធិសោធននិវត្តន៍
661,,,សកម្មភាពគាំទ្រដល់សកម្មភាពសេវាកម្មហិរញ្ញវត្ថុ លើកលែងតែការធានារ៉ាប់រង និងមូលនិធិសោធននិវត្តន៍
,6611(1),,រដ្ឋបាលទីផ្សារហិរញ្ញវត្ថុ
,,66111,ផ្សារមូលបត្រ
,,66112,ផ្សារជួញដូរផលិតផល
,6612(2),,អន្តរការីកម្មនៃកិច្ចសន្យាមូលបត្រនិងវត្ថុធាតុដើម 
,,66121,ពាណិជ្ជករ (ឈ្មួញជើងសារ) និងអ្នកធានាទិញមូលបត្រ(៣)
,,66122,កិច្ចសន្យាជួញដូរ​ផលិតផល ឬការងារជើងសារជួញដូរផលិតផល
,,66123,សេវាកម្មប្ដូរប្រាក់(៤)
,6619(5),,សកម្មភាពផ្សេងទៀតដែលគាំទ្រដល់សកម្មភាពសេវាកម្មហិរញ្ញវត្ថុ 
,,66191,ពាណិជ្ជករ និងអន្តរការីលោហធាតុមាស 
,,66192,អ្នកដំណើរការតតិយភាគី(៦)
,,66193,គ្រឹះស្ថានផ្ដល់សេវាទូទាត់សងប្រាក់
,,66199,សកម្មភាពផ្សេងទៀតដែលគាំទ្រដល់សកម្មភាពសេវាកម្មហិរញ្ញវត្ថុ
662,,,សកម្មភាពគាំទ្រដល់សេវាកម្មធានារ៉ាប់រង និងមូលនិធិសោធននិវត្តន៍
,6621(1),,ការវាយតម្លៃហានិភ័យ និងការខូចខាត
,,66210,ការស៊ើបអង្កេតការខាតបង់ផ្នែកធានារ៉ាប់រង
,6622,,សកម្មភាពរបស់ភ្នាក់ងារ និងអន្តរការីធានារ៉ាប់រង 
,,66221,សកម្មភាពរបស់ភ្នាក់ងារធានារ៉ាប់រង
,,66222,សកម្មភាពរបស់អន្តរការីធានារ៉ាប់រង
,6629(2),,សកម្មភាពផ្សេងទៀតគាំទ្រដល់សេវាកម្មធានារ៉ាប់រង និងមូលនិធិសោធននិវត្តន៍
,,66290,សកម្មភាពផ្សេងទៀតគាំទ្រដល់សេវាកម្មធានារ៉ាប់រង និងមូលនិធិសោធននិវត្តន៍
663,,,សកម្មភាពគ្រប់គ្រងមូលនិធិ 
,6630,,សកម្មភាពគ្រប់គ្រងមូលនិធិ
,,66300,សកម្មភាពគ្រប់គ្រងមូលនិធិ(៣)
681,,,សកម្មភាពអចលនទ្រព្យ ដោយប្រើអចលនទ្រព្យផ្ទាល់ខ្លួន ឬជួលពីគេ
,6810(1),,សកម្មភាពអចលនទ្រព្យ ដោយប្រើអចលនទ្រព្យផ្ទាល់ខ្លួន ឬជួលពីគេ 
,,68101(2),ការទិញ ការលក់ ការជួល និងការធ្វើអាជីវកម្មអចលនទ្រព្យផ្ទាល់ខ្លួន ឬ ជួលពីគេ
,,68102,ការអភិវឌ្ឍគម្រោងសាងសង់អគារ សម្រាប់អាជីវកម្មផ្ទាល់ខ្លួន (ឩ. សម្រាប់ ការដាក់ជួលផ្ទៃទំនេរនៅក្នុងអគារ(៣))
682,,,សកម្មភាពអចលនទ្រព្យ ដោយយកថ្លៃឈ្នួលដាក់ស្ដែង ឬតាមកិច្ចសន្យា
,6820(4),,សកម្មភាពអចលនទ្រព្យ ដោយយកថ្លៃឈ្នួលដាក់ស្ដែង ឬតាមកិច្ចសន្យា
,,68201,សកម្មភាពរបស់ភ្នាក់ងារ ឬអន្តរការីអចលនទ្រព្យ(៥)
,,68202,ការគ្រប់គ្រងអចលនទ្រព្យ ដោយយកថ្លៃឈ្នួលដាក់ស្តែង ឬតាមកិច្ចសន្យា
,,68203,សេវាកម្មវាយតម្លៃអចលនទ្រព្យ(៦)
,,68209,សកម្មភាពអចលនទ្រព្យ ដោយយកថ្លៃឈ្នួលដាក់ស្តែង ឬតាមកិច្ចសន្យា ដទៃទៀត ដែលពុំបានរាប់បញ្ចូល(៧)
691,,,សកម្មភាពវិជ្ជាជីវៈច្បាប់
,6910(1),,សកម្មភាពវិជ្ជាជីវៈច្បាប់
,,69100,សកម្មភាពវិជ្ជាជីវៈច្បាប់
692,,,សកម្មភាពគណនេយ្យ សវនកម្ម​ និងការពិគ្រោះយោបល់ផ្នែកពន្ធ
,6920(2),,សកម្មភាពគណនេយ្យ សវនកម្ម​ និងការពិគ្រោះយោបល់ផ្នែកពន្ធ
,,69200,សកម្មភាពគណនេយ្យ សវនកម្ម​ និងការពិគ្រោះយោបល់ផ្នែកពន្ធ
701,,,សកម្មភាពរបស់ការិយាល័យកណ្តាល
,7010(1),,សកម្មភាពរបស់ការិយាល័យកណ្តាល
,,70100,សកម្មភាពរបស់ការិយាល័យកណ្តាល
702,,,សកម្មភាពពិគ្រោះយោបល់ផ្នែកគ្រប់គ្រង
,7020(2),,សកម្មភាពពិគ្រោះយោបល់ផ្នែកគ្រប់គ្រង
,,70200,សកម្មភាពពិគ្រោះយោបល់ផ្នែកគ្រប់គ្រង
711,,,សកម្មភាពស្ថាបត្យកម្មនិងវិស្វកម្ម និងការពិគ្រោះយោបល់បច្ចេកទេសដែលពាក់ព័ន្ធ
,7110(1),,សកម្មភាពស្ថាបត្យកម្មនិងវិស្វកម្ម និងការពិគ្រោះយោបល់បច្ចេកទេសដែលពាក់ព័ន្ធ
,,71101,សេវាកម្មស្ថាបត្យកម្ម(២)
,,71102,សេវាកម្មវិស្វកម្ម និងការពិគ្រោះយោបល់បច្ចេកទេសផ្សេងទៀត(៣)
712,,,ការពិសោធ និងវិភាគបច្ចេកទេស
,7120,,ការពិសោធ និងវិភាគបច្ចេកទេស
,,71200,ការពិសោធ និងវិភាគបច្ចេកទេស(១)
721,,,ការស្រាវជ្រាវ និងអភិវឌ្ឍន៍បែបពិសោធន៍ ផ្នែកវិទ្យាសាស្ត្រធម្មជាតិនិងវិស្វកម្ម
,7210,,ការស្រាវជ្រាវ និងអភិវឌ្ឍន៍បែបពិសោធន៍ ផ្នែកវិទ្យាសាស្ត្រធម្មជាតិនិងវិស្វកម្ម
,,72100,ការស្រាវជ្រាវ និងអភិវឌ្ឍន៍បែបពិសោធន៍ ផ្នែកវិទ្យាសាស្ត្រធម្មជាតិនិងវិស្វកម្ម(១)
722,,,ការស្រាវជ្រាវ និងអភិវឌ្ឍន៍បែបពិសោធន៍ ផ្នែកវិទ្យាសាស្ត្រសង្គមនិងមនុស្សសាស្ត្រ
,7220(2),,ការស្រាវជ្រាវ និងអភិវឌ្ឍន៍បែបពិសោធន៍ ផ្នែកវិទ្យាសាស្ត្រសង្គមនិងមនុស្សសាស្ត្រ
,,72200,ការស្រាវជ្រាវ និងអភិវឌ្ឍន៍បែបពិសោធន៍ ផ្នែកវិទ្យាសាស្ត្រសង្គមនិងមនុស្សសាស្ត្រ
731,,,ការផ្សាយពាណិជ្ជកម្ម
,7310,,ការផ្សាយពាណិជ្ជកម្ម
,,73100,ការផ្សាយពាណិជ្ជកម្ម(១)
732,,,ការស្រាវជ្រាវទីផ្សារ និងការស្ទង់មតិសាធារណៈ
,7320,,ការស្រាវជ្រាវទីផ្សារ និងការស្ទង់មតិសាធារណៈ
,,73200,ការស្រាវជ្រាវទីផ្សារ និងការស្ទង់មតិសាធារណៈ(២)
741,,,សកម្មភាពរចនាឯកទេស
,7410(1),,សកម្មភាពរចនាឯកទេស
,,74100,សកម្មភាពរចនាឯកទេស
742,,,សកម្មភាពថតរូប
,7420(2),,សកម្មភាពថតរូប
,,74200,សកម្មភាពថតរូប(៣)
749,,,សកម្មភាពវិជ្ជាជីវៈ វិទ្យាសាស្រ្ត និងបច្ចេកទេសផ្សេងទៀត ដែលពុំបានរាប់បញ្ចូល
,7490(1),,សកម្មភាពវិជ្ជាជីវៈ វិទ្យាសាស្រ្ត និងបច្ចេកទេសផ្សេងទៀត ដែលពុំបានរាប់បញ្ចូល
,,74900,សកម្មភាពវិជ្ជាជីវៈ វិទ្យាសាស្រ្ត និងបច្ចេកទេសផ្សេងទៀត ដែលពុំបានរាប់បញ្ចូល
750,,,សកម្មភាពបសុព្យាបាល
,7500(1),,សកម្មភាពបសុព្យាបាល
,,75000,សកម្មភាពបសុព្យាបាល
771,,,ការជួល និងភតិសន្យាយានយន្ត
,7710(1),,ការជួល និងភតិសន្យាយានយន្ត
,,77101,ការជួល និងភតិសន្យាខាងប្រតិបត្តិការ នូវរថយន្តដឹកអ្នកដំណើរ ដោយមិនយកអ្នកបើកបរ
,,77102,ការជួល និងភតិសន្យាខាងប្រតិបត្តិការ នូវរថយន្តដឹកទំនិញ រថយន្តសណ្តោង និងរថយន្តសម្រាប់កម្សាន្ត
772,,,ការជួល និងភតិសន្យាទំនិញប្រើផ្ទាល់ខ្លួននិងសម្រាប់គ្រួសារ
,7721(2),,ការជួល និងភតិសន្យាសម្ភារៈកម្សាន្តនិងកីឡា
,,77210,ការជួល និងភតិសន្យាសម្ភារៈកម្សាន្តនិងកីឡា
,7722,,ការជួលកាសែតវីដេអូនិងឌីស
,,77220,ការជួលកាសែតវីដេអូ កាសែតខ្សែអាត់ ឌីសអុបទិក។ល។
,7729(3),,ការជួលនិងភតិសន្យា ទំនិញប្រើផ្ទាល់ខ្លួននិងសម្រាប់គ្រួសារដទៃទៀត 
,,77291,សំពត់តង់ តុ កៅអី និងឧបករណ៍ផ្សេងទៀតសម្រាប់ពិធីជប់លៀង និងពិធីផ្សេងៗ
,,77292,សៀវភៅ ព្រឹត្តិបត្រ និងទស្សនាវដ្តី
,,77293,ផ្កា និងរុក្ខជាតិ
,,77299,ការជួល និងភតិសន្យាទំនិញប្រើផ្ទាល់ខ្លួន និងសម្រាប់គ្រួសារដទៃទៀតដែលពុំបានរាប់បញ្ចូល(៤)
773,,,ការជួល និងភតិសន្យាគ្រឿងយន្ត ឧបករណ៍ និងទំនិញរូបីយ៍ផ្សេងទៀត
,7730(1),,ការជួល និងភតិសន្យាគ្រឿងយន្ត ឧបករណ៍ និងទំនិញរូបីយ៍ផ្សេងទៀត​ (ដោយមិនយកប្រតិបត្តិករ)
,,77301,ការជួល និងភតិសន្យាខាងប្រតិបត្តិការ នូវឧបករណ៍ដឹកជញ្ជូនតាមផ្លូវគោក (ក្រៅពីយានយន្ត)(២)
,,77302,ការជួល និងភតិសន្យាខាងប្រតិបត្តិការ នូវឧបករណ៍ដឹកជញ្ជូនតាមផ្លូវទឹក
,,77303,ការជួល និងភតិសន្យាខាងប្រតិបត្តិការ នូវគ្រឿងយន្តនិងឧបករណ៍សម្រាប់កសិកម្មនិងរុក្ខកម្ម
,,77304,ការជួល និងភតិសន្យាខាងប្រតិបត្តិការ នូវគ្រឿងយន្តនិងឧបករណ៍សម្រាប់សកម្មភាពសំណង់និងវិស្វកម្មស៊ីវិល(៣)
,,77305,ការជួល និងភតិសន្យាខាងប្រតិបត្តិការ នូវគ្រឿងយន្ត គ្រឿងសង្ហារិម និងឧបករណ៍ការិយាល័យ(៤)
,,77309,ការជួល និងភតិសន្យាគ្រឿងយន្ត ឧបករណ៍ និងទំនិញរូបីយ៍ដទៃទៀតដែលពុំបានរាប់បញ្ចូល(៥)
774,,,ភតិសន្យាផលិតផលកម្មសិទិ្ធបញ្ញា និងផលិតផលប្រហាក់ប្រហែល លើកលែងតែការងារដែលបានរក្សាសិទិ្ធ
,7740(1),,ភតិសន្យាផលិតផលកម្មសិទិ្ធបញ្ញា និងផលិតផលប្រហាក់ប្រហែល លើកលែងតែការងារដែលបានរក្សាសិទិ្ធ
,,77400,ភតិសន្យាផលិតផលកម្មសិទិ្ធបញ្ញា និងផលិតផលប្រហាក់ប្រហែល លើកលែងតែការងារដែលបានរក្សាសិទិ្ធ(២)
781,,,សកម្មភាពទីភ្នាក់ងារស្វែងរកការងារ
,7810(1),,សកម្មភាពទីភ្នាក់ងារស្វែងរកការងារ
,,78100,សកម្មភាពទីភ្នាក់ងារស្វែងរកការងារ(២)
782,,,សកម្មភាពទីភ្នាក់ងាស្វែងរកការងារបណ្តោះអាសន្ន
,7820,,សកម្មភាពទីភ្នាក់ងាស្វែងរកការងារបណ្តោះអាសន្ន
,,78200,សកម្មភាពទីភ្នាក់ងាស្វែងរកការងារបណ្តោះអាសន្ន(៣)
783,,,ការផ្តល់សេវាកម្មធនធានមនុស្សផ្សេងទៀត
,7830(៤),,ការផ្តល់សេវាកម្មធនធានមនុស្សផ្សេងទៀត
,,78300,ការផ្តល់សេវាកម្មធនធានមនុស្សសម្រាប់អតិថិជនជាអាជីវកម្ម
791,,,សកម្មភាពទីភ្នាក់ងារទេសចរណ៍ និងប្រតិបត្តិករទេសចរណ៍
,7911,,សកម្មភាពទីភ្នាក់ងារទេសចរណ៍(១)
,,79110,សកម្មភាពទីភ្នាក់ងារទេសចរណ៍ 
,7912,,សកម្មភាពប្រតិបតិ្តទេសចរណ៍ 
,,79120,សកម្មភាពប្រតិបតិ្តទេសចរណ៍(២)
799,,,សេវាកម្មកក់បម្រុងទុកផ្សេងទៀត និងសកម្មភាពពាក់ព័ន្ធ
,7990(3),,សេវាកម្មកក់បម្រុងទុកផ្សេងទៀត និងសកម្មភាពពាក់ព័ន្ធ
,,79900,សេវាកម្មកក់បម្រុងទុកផ្សេងទៀត និងសកម្មភាពពាក់ព័ន្ធ(៤)
801,,,សកម្មភាពរក្សាសន្តិសុខឯកជន
,8010(1),,សកម្មភាពរក្សាសន្តិសុខឯកជន
,,80100,សកម្មភាពរក្សាសន្តិសុខឯកជន(២)
802,,,សកម្មភាពសេវាកម្មប្រព័ន្ធសុវត្ថិភាព
,8020(3),,សកម្មភាពសេវាកម្មប្រព័ន្ធសុវត្ថិភាព
,,80200,សកម្មភាពសេវាកម្មប្រព័ន្ធសុវត្ថិភាព(៤)
803,,,សកម្មភាពស៊ើបអង្កេត
,8030,,សកម្មភាពស៊ើបអង្កេត
,,80300,សកម្មភាពស៊ើបអង្កេត និងចារកម្ម(៥)
811,,,សេវាកម្មគាំទ្រចម្រុះបែបដល់ទីកន្លែង
,8110(1),,សេវាកម្មគាំទ្រចម្រុះបែបដល់ទីកន្លែង
,,81100,សេវាកម្មគាំទ្រចម្រុះបែបដល់ទីកន្លែង(២)
812,,,សេវាកម្មសម្អាត
,8121(3),,ការសម្អាតទូទៅចំពោះអាគារ
,,81210,ការសម្អាតទូទៅចំពោះអាគារ
,8129(1),,សកម្មភាពសម្អាតអាគារ និងសម្អាតខាងឧស្សាហកម្មផ្សេងទៀត
,,81291,សេវាសម្អាត និងថែទាំអាងហែលទឹក
,,81292,សកម្មភាពសម្លាប់មេរោគក្នុងអាគារ
,,81299,ការសម្អាតតាមឯកទេសផ្សេងទៀតលើអាគារ និងការសម្អាតតំបន់ឧស្សាហកម្ម និងផ្លូវថ្នល់
813,,,សកម្មភាពរៀបចំ និងថែរក្សាសោភ័ណភាព
,8130(2),,សកម្មភាពរៀបចំ និងថែរក្សាសោភ័ណភាព
,,81300,សកម្មភាពរៀបចំ និងថែរក្សាសោភ័ណភាព(៣)
821,,,សកម្មភាពខាងរដ្ឋបាលការិយាល័យ និងសកម្មភាពគាំទ្រការិយាល័យ
,8211(1),,សេវាកម្មចម្រុះបែបខាងរដ្ឋបាលការិយាល័យ
,,82110,សេវាកម្មចម្រុះបែបខាងរដ្ឋបាលការិយាល័យ(២)
,8219(3),,សកម្មភាពថតចម្លងឯកសារ សកម្មភាពរៀបចំឯកសារ និងសកម្មភាពឯកទេសផ្សេងទៀតសម្រាប់គាំទ្រការិយាល័យ
,,82191,សកម្មភាពថតចម្លងឯកសារ(៤)
,,82199,សកម្មភាពរៀបចំឯកសារ និងសកម្មភាពឯកទេសផ្សេងទៀតសម្រាប់គាំទ្រការិយាល័យ(៥)
822,,,សកម្មភាពរបស់មជ្ឈមណ្ឌលការហៅទូរស័ព្ទ
,8220,,សកម្មភាពរបស់មជ្ឈមណ្ឌលការហៅទូរស័ព្ទ
,,82200,សកម្មភាពរបស់មជ្ឈមណ្ឌលការហៅទូរស័ព្ទ(១)
823,,,សកម្មភាពរៀបចំសន្និបាត និងពិព័រណ៍ពាណិជ្ជកម្ម
,8230,,សកម្មភាពរៀបចំសន្និបាត និងពិព័រណ៍ពាណិជ្ជកម្ម
,,82300,សកម្មភាពរៀបចំសន្និបាត និងពិព័រណ៍ពាណិជ្ជកម្ម(២)
829,,,សកម្មភាពសេវាកម្មគាំទ្រដល់អាជីវកម្ម ដទៃទៀតដែលពុំបានរាប់បញ្ចូល
,8291,,សកម្មភាពភ្នាក់ងារប្រមូលប្រាក់បំណុល និងការិយាល័យព័ត៌មានឥណទាន
,,82910,សកម្មភាពភ្នាក់ងារប្រមូលប្រាក់បំណុល និងការិយាល័យព័ត៌មានឥណទាន(១)
,8292(2),,សកម្មភាពវេចខ្ចប់
,,82920,សកម្មភាពវេចខ្ចប់​ ដោយផ្នែកតាមកិច្ចសន្យាឬការបង់ថ្លៃឈ្នួល មិនប្រកាន់ថាប្រើប្រាស់ប្រព័ន្ធស្វ័យប្រវត្តិឬអត់
,8299(3),,សកម្មភាពសេវាគាំទ្រដល់អាជីវកម្ម ដទៃទៀតដែលពុំបានរាប់បញ្ចូល
,,82990,សកម្មភាពសេវាគាំទ្រដល់អាជីវកម្ម ដទៃទៀតដែលពុំបានរាប់បញ្ចូល
841,,,ការគ្រប់គ្រងរដ្ឋ និងគោលនយោបាយសេដ្ឋកិច្ចនិងសង្គមរបស់សហគមន៍
,8411(1),,សកម្មភាពគ្រប់គ្រងសាធារណៈទូទៅ
,,84110,សកម្មភាពគ្រប់គ្រងសាធារណៈទូទៅ (ទាំងមូល)
,8412(2),,បទប្បញ្ញ្ញត្តិសម្រាប់សកម្មភាពនៃការផ្តល់សេវាកម្មថែទាំសុខភាព អប់រំ វប្បធម៌ និងសេវាកម្មសង្គមផ្សេងទៀត មិនរួមបញ្ចូលសន្តិសុខសង្គម
,,84120,ការគ្រប់គ្រងរដ្ឋលើកម្មវិធីសេដ្ឋកិច្ចនិងសង្គមកិច្ច
,8413(1),,បទប្បញ្ញត្តិ និងការធ្វើឲ្យប្រតិបត្តិការអាជីវកម្មមានប្រសិទ្ធភាព
,,84130,បទប្បញ្ញត្តិ និងការធ្វើឲ្យប្រតិបត្តិការអាជីវកម្មមានប្រសិទ្ធភាព
842,,,ការផ្តល់សេវាកម្មដល់សហគមន៍ទាំងមូល
,8421(2),,កិច្ចការបរទេស
,,84210,កិច្ចការបរទេស
,8422(3),,សកម្មភាពការការពារ
,,84220,សេវាកម្មការពារប្រជាពលរដ្ឋ និងយោធា
,8423(1),,សកម្មភាពសណ្តាប់ធ្នាប់សាធារណៈ និងសុវត្ថិភាព
,,84231,សេវាកម្មនគរបាល
,,84232(2),តុលាការ
,,84239,សេវាកម្មសណ្តាប់ធ្នាប់សាធារណៈ និងកិច្ចការទាក់ទងនឹងសុវត្ថិភាពដទៃទៀត(១)
843,,,សកម្មភាពកាត្វកិច្ចសន្តិសុខសង្គម
,8430(2),,សកម្មភាពកាត្វកិច្ចសន្តិសុខសង្គម
,,84300,សកម្មភាពកាត្វកិច្ចសន្តិសុខសង្គម
851,,,មតេយ្យសិក្សានិងបឋមសិក្សា
,8510(1),,មតេយ្យសិក្សានិងបឋមសិក្សា
,,85101,មតេយ្យសិក្សា(២)
,,85102,បឋមសិក្សា
852,,,មធ្យមសិក្សា
,8521(3),,មធ្យមសិក្សាចំណេះទូទៅ
,,85211,មធ្យមសិក្សាបឋមភូមិ
,,85212,មធ្យមសិក្សាទុតិយភូមិ
,8522(4),,ការអប់រំបណ្តុះបណ្តាលបច្ចេកទេស និងវិជ្ជាជីវៈ កម្រិតមធ្យមសិក្សា
,,85220,ការអប់រំបណ្តុះបណ្តាលបច្ចេកទេស និងវិជ្ជាជីវៈ កម្រិតមធ្យមសិក្សាបច្ចេកទេស និងវិជ្ជាជីវៈ(៥)
853,,,ឧត្តមសិក្សា
,8530(6),,ឧត្តមសិក្សា
,,85301,ការអប់រំបណ្ដុះបណ្ដាលកម្រិតឧត្តមសិក្សាក្នុងប្រព័ន្ធអប់រំចំណេះដឹងទូទៅ (រដ្ឋ)
,,85302,ការអប់រំបណ្ដុះបណ្ដាលកម្រិតឧត្តមសិក្សាក្នុងប្រព័ន្ធអប់រំបណ្ដុះបណ្ដាលបច្ចេកទេស និងវិជ្ជាជីវៈ(ឯកជន)(៧)
,,85303,ការអប់រំបណ្ដុះបណ្ដាលបច្ចេកទេស និងវិជ្ជាជីវៈកម្រិតឧត្តមសិក្សាបច្ចេកទេស និងអាជីព
854,,,ការអប់រំផ្សេងទៀត
,8541(1),,ការអប់រំកីឡា និងការកំសាន្ត
,,85410,ការអប់រំកីឡា និងការកំសាន្ត(២)
,8542,,ការអប់រំវប្បធម៌
,,85420,សាលាតន្រ្តី និងរបាំ និង​ការអប់រំវប្បធម៌ផ្សេងទៀត(៣)
,8549(4),,ការអប់រំផ្សេងទៀតដែលមិនបានរាប់បញ្ចូល
,,85491,មជ្ឈមណ្ឌលសិក្សាឯកជនក្រៅម៉ោង
,,85492,សាលាបង្រៀនបើកបរ
,,85493,ការអប់រំសាសនា
,,85494,ការបណ្តុះបណ្តាលកុំព្យូទ័រ
,,85495,ការអប់រំបណ្តុះបណ្តាលបច្ចេកទេស និងវិជ្ជាជីវៈ មិនមានកម្រិត(៥)
,,85499,ការអប់រំផ្សេងទៀតដែលមិនបានរាប់បញ្ចូល(៦)
855,,,សេវាគាំទ្រការអប់រំ
,8550(7),,សេវាគាំទ្រការអប់រំ
,,85500,សេវាគាំទ្រការអប់រំ
861,,,សកម្មភាពនៅមន្ទីរពេទ្យ
,8610(1),,សកម្មភាពនៅមន្ទីរពេទ្យ​ និងលំហែមាតុភាពនៅផ្ទះ
,,86101,សកម្មភាពមន្ទីរពេទ្យ
,,86102,សេវាកម្មមាតុភាពនៅផ្ទះ (នៅក្នុង ឬនៅក្រៅមន្ទីរពេទ្យ)
862,,,សកម្មភាពពិគ្រោះយោបល់ផ្នែកវេជ្ជសាស្ត្រ និងទន្តសាស្ត្រ
,8620(2),,សកម្មភាពពិគ្រោះយោបល់ផ្នែកវេជ្ជសាស្ត្រ និងទន្តសាស្ត្រ
,,86201,វេជ្ជគ្រឹះ និងសេវាកម្មព្យបាលជំងឺទូទៅ
,,86202,សេវាកម្មព្យបាលជំងឺដោយឯកទេស
,,86203,សេវាកម្មផ្នែកទន្តសាស្រ្ត(៣)
869,,,សកម្មភាពថែទាំសុខភាពផ្សេងទៀត
,8690(1),,សកម្មភាពថែទាំសុខភាពផ្សេងទៀត
,,86901,មន្ទីរពិសោធន៍(២)
,,86902,ការព្យាបាលនិងថែទាំសុខភាពក្នុងពេលសម្រាលកូន
,,86903,សេវាកម្មព្យាបាលជំងឺដោយការធ្វើសរសៃឬហាត់ប្រាណ (ជាជាងដោយការប្រើឱសថ) និងព្យាបាលដោយប្រើវិធីដាក់លាក់ណាមួយដើម្បីសម្រួលរាងកាយនិងផ្លូវចិត្ត
,,86904,សេវាកម្មព្យាបាលដោយម្ជុលវិជ្ជាសាស្រ្ត
,,86905,សេវាកម្មព្យាបាលដោយអ្នកតិណទេស
,,86909,សេវាកម្មព្យាបាលជំងឺផ្សេងទៀត ដែលមិនបានរាប់បញ្ចូល(៣)
871,,,គ្រឹះស្ថានថែទាំសុខភាពនៅតាមលំនៅដ្ឋាន
,8710(1),,គ្រឹះស្ថានថែទាំសុខភាពនៅតាមលំនៅដ្ឋាន
,,87100,គ្រឹះស្ថានថែទាំសុខភាពនៅតាមលំនៅដ្ឋាន
872,,,សកម្មភាពថែទាំសុខភាពតាមលំនៅដ្ឋានដល់អ្នកមានប្រាជ្ញាអន់ មានរោគ ផ្លូវចិត្ត និងមានការប៉ះពាល់សុខភាពផ្លូវចិត្តដោយអំពើហិង្សា
,8720(2),,សកម្មភាពថែទាំសុខភាពតាមលំនៅដ្ឋានដល់អ្នកមានប្រាជ្ញាអន់ មានរោគផ្លូវចិត្ត និងមានការប៉ះពាល់សុខភាពផ្លូវចិត្តដោយអំពើហិង្សា 
,,87201,មជ្ឈមណ្ឌលកែប្រែថ្នាំញៀន 
,,87209,សកម្មភាពថែទាំសុខភាពតាមលំនៅដ្ឋានផ្សេងទៀតដល់អ្នកមានប្រាជ្ញាអន់ដែលមិនបានរាប់បញ្ចូល
873,,,សកម្មភាពថែទាំសុខភាពតាមលំនៅដ្ឋានសម្រាប់មនុស្សចាស់ និងជនពិការ
,8730(3),,សកម្មភាពថែទាំសុខភាពតាមលំនៅដ្ឋានសម្រាប់មនុស្សចាស់ និងជនពិការ
,,87300,សកម្មភាពថែទាំសុខភាពតាមលំនៅដ្ឋានសម្រាប់មនុស្សចាស់ និងជនពិការ
879,,,សកម្មភាពថទាំសុខភាពតាមលំនៅដ្ឋានផ្សេងទៀត
,8790(4),,សកម្មភាពថែទាំសុខភាពតាមលំនៅដ្ឋានផ្សេងទៀត (សកម្មភាពនេះអាចត្រូវបានអនុវត្តដោយស្ថាប័នរដ្ឋ ឬឯកជន)
,,87901,ការថែទាំកុមារតាមលំនៅដ្ឋាន (រួមនិងមណ្ឌលកុមារកំព្រាដែរ) 
,,87902,ការថែទាំសុខភាពតាមលំនៅដ្ឋានសម្រាប់មនុស្សពេញវ័យ ដែលមិនមែនជាមនុស្សចាស់ ឬជនពិការ
881,,,សកម្មភាពសង្គមកិច្ចសម្រាប់មនុស្សចាស់ និងជនពិការដោយមិនផ្ដល់កន្លែងស្នាក់នៅ
,8810(1),,សកម្មភាពសង្គមកិច្ចសម្រាប់មនុស្សចាស់ និងជនពិការដោយមិនផ្តល់កន្លែងស្នាក់នៅ (អនុវត្តដោយស្ថាប័នរដ្ឋ ឬឯកជន)
,,88100,សកម្មភាពសង្គមកិច្ចសម្រាប់មនុស្សចាស់ និងជនពិការដោយមិនផ្ដល់កន្លែង ស្នាក់នៅ (អនុវត្តដោយស្ថាប័នរដ្ឋ ឬឯកជន)
889,,,សកម្មភាពសង្គមកិច្ចដោយមិនផ្តល់កន្លែងស្នាក់នៅ ដទៃទៀតដែលពុំបានរាប់បញ្ចូល
,8890(2),,សកម្មភាពសង្គមកិច្ចដោយមិនផ្តល់កន្លែងស្នាក់នៅ ដទៃទៀតដែលពុំបានរាប់បញ្ចូល
,,88901,សេវាកម្មផ្តល់យោបល់
,,88902,សកម្មភាពថែទាំកុមារនៅពេលថ្ងៃ(៣)
,,88909,សកម្មភាពសង្គមកិច្ចដោយមិនផ្តល់កន្លែងស្នាក់នៅ ដទៃទៀតដែលពុំបានរាប់បញ្ចូល(៤)
900,,,សកម្មភាពឆ្នៃប្រតិដ្ឋ សិល្បៈ និងកម្សាន្ត 
,9000(1),,សកម្មភាពច្នៃប្រតិដ្ឋ សិល្បៈ និងកម្សាន្ត
,,90001,ផលិតករល្ខោន អ្នកចម្រៀងប្រចាំក្រុមតន្ត្រី និងសេវាកម្មកម្សាន្តតាមល្ខោនអូប៉េរ៉ា​(២)
,,90002,ដំណើរការនៅសាលប្រគំតន្រ្តីនិងល្ខោន និងកន្លែងសម្រាប់សិល្បៈដទៃទៀត(៣)
,,90003,សកម្មភាពជាងចម្លាក់ ជាងគំនូរ ជាងគំនូរកំប្លែង ជាងឆ្លាក់ក្បាច់ ជាងឆ្លាក់ដោយប្រើទឹកអាស៊ីដ(៤)
,,90004,សកម្មភាពអ្នកសារព័ត៌មានឯករាជ្យ និងអ្នកនិពន្ទលក្ខណៈបុគ្គលផ្សេង ទៀតសម្រាប់គ្រប់រឿងនានា(៥)
,,90009,សកម្មភាពច្នៃប្រតិដ្ឋ សិល្បៈ និងការកម្សាន្ត ដែលមិនបានរាប់បញ្ចូល
910,,,សកម្មភាពបណ្ណាល័យ ប័ណ្ណាសារដ្ឋាន សារមន្ទីរ និងសកម្មភាពវប្បធម៏ដទៃទៀត
,9101(1),,សកម្មភាពបណ្ណាល័យ ប័ណ្ណាសារដ្ឋាន
,,91010,សកម្មភាពបណ្ណាល័យ ប័ណ្ណាសារដ្ឋាន
,9102(2),,សកម្មភាពសារមន្ទីរ និងដំណើរការអាគារនិងទីប្រវត្តិសាស្រ្ត
,,91020,សកម្មភាពសារមន្ទីរ និងដំណើរការអាគារនិងទីប្រវត្តិសាស្រ្ត
,9103(3),,សកម្មភាពសួនរុក្ខជាតិ សួនសត្វ និងអភិរក្សធម្មជាតិ
,,91030,សកម្មភាពសួនរុក្ខជាតិ សួនសត្វ និងអភិរក្សធម្មជាតិ
920,,,សកម្មភាពល្បែងស៊ីសង និងល្បែងភ្នាល់
,9200(1),,សកម្មភាពល្បែងស៊ីសង និងល្បែងភ្នាល់
,,92000,សកម្មភាពល្បែងស៊ីសង និងល្បែងភ្នាល់
931,,,សកម្មភាពកីឡា
,9311(1),,ដំណើរការគ្រឹះស្ថានកីឡា ទាំងព្រឹត្តិការណ៍នៅខាងក្នុងឬក្រៅអាគារ
,,93111(2),ដំណើរការគ្រឹះស្ថានកីឡា 
,,93112(3),មជ្ឈមណ្ឌលហាត់ប្រាណ
,9312(4),,សកម្មភាពរបស់ក្រុមកីឡា
,,93120,ដំណើរការរបស់ក្រុមកីឡា ដូចដាក្រុមបាល់ទាត់ ក្រុមកីឡាប៊ូលីង ក្រុមកីឡាហែលទឹក។ល។
,9319(5),,សកម្មភាពកីឡាផ្សេងទៀត
,,93191,សកម្មភាពរបស់អ្នកផលិតឬអ្នកផ្សព្វផ្សាយព្រឹត្តិការណ៍កីឡា ទោះមានឬមិនមានគ្រឹះស្ថានក៏ដោយ
,,93192,សកម្មភាពសម្ព័ន្ធកីឡា និងគណៈដែលចេញបទប្បញ្ញត្តិ
,,93199,សកម្មភាពកីឡាផ្សេងទៀតដែលមិនបានរាប់បញ្ចូល(១)
932,,,សកម្មភាពកម្សាន្ត និងសម្រាកផ្សេងទៀត
,9321,,សកម្មភាពសួនកម្សាន្ត និងកន្លែងកម្សាន្តសាធារណ:
,,93210,សកម្មភាពសួនកម្សាន្ត និងកន្លែងកម្សាន្តសាធារណៈ(២)
,9329(3),,សកម្មភាពកម្សាន្តនិងសម្រាកផ្សេងទៀតដែលមិនបានរាប់បញ្ចូល 
,,93291,សកម្មភាពសួនសម្រាក និងឆ្នេរសមុទ្រ(៤)
,,93299,សកម្មភាពកម្សាន្ត និងសម្រាកដទៃផ្សេងទៀត ដែលមិនបានរាប់បញ្ចូល(៥)
941,,,សកម្មភាពរបស់អាជីវកម្ម អង្គការដែលមានសមាជិកជានិយោជិក និងជាអ្នកមានជំនាញវិជា្ជជីវៈ
,9411(1),,សកម្មភាពរបស់អាជីវកម្ម និងអង្គការដែលមានសមាជិកជានិយោជិក
,,94110,សកម្មភាពរបស់អាជីវកម្ម និងអង្គការដែលមានសមាជិកជានិយោជិក
,9412(2),,សកម្មភាពរបស់អង្គការដែលមានសមាជិកជាអ្នកមានវិជ្ជាជីវៈ 
,,94120,សកម្មភាពរបស់អង្គការដែលមានសមាជិកជាអ្នកមានវិជ្ជាជីវៈ 
942,,,សកម្មភាពរបស់សហជីពពាណិជ្ជកម្ម
,9420(3),,សកម្មភាពរបស់សហជីពពាណិជ្ជកម្ម
,,94200,សកម្មភាពរបស់សហជីពពាណិជ្ជកម្ម
949,,,សកម្មភាពរបស់អង្គការសមាជិកដទៃទៀត
,9491(4),,សកម្មភាពរបស់អង្គការសាសនា
,,94910,សកម្មភាពរបស់អង្គការសាសនា
,9492,,សកម្មភាពរបស់អង្គការនយោបាយ
,,94920,សកម្មភាពរបស់អង្គការនយោបាយ
,9499(5),,សកម្មភាពរបស់អង្គការសមាជិកដទៃដែលមិនបានរាប់បញ្ចូល
,,94990,សកម្មភាពរបស់អង្គការសមាជិកដទៃដែលមិនបានរាប់បញ្ចូល(៦)
951,,,ការជួសជុលកុំព្យូទ័រ និងបរិក្ខារគមនាគមន៍
,9511(1),,ការជួសជុលកុំព្យូទ័រនិងគ្រឿងកុំព្យូទ័រ
,,95111,ការជួសជុលកុំព្យូទ័រ និងបរិក្ខារគមនាគមន៍(២)
,9512,,ការជួសជុលនិងថែទាំបរិក្ខារគមនាគមន៍
,,95121,ការជួសជុលនិងថែទាំទូរស័ព្ទដៃ
,,95129,ការជួសជុលនិងថែទាំបរិក្ខារគមនាគមន៍ដទៃទៀតដែលពុំបានរាប់បញ្ចូល
952,,,ការជួសជុលទំនិញប្រើប្រាស់ផ្ទាល់ខ្លួននិងក្នុងផ្ទះ
,9521,,ការជួសជុលបរិក្ខារអគ្គិសនីប្រើប្រាស់ជាប្រចាំ
,,95211,ការជួសជុល និងថែទាំបរិក្ខារថតវីឌេអូនិងសំឡេង
,,95219,ការជួសជុល និងថែទាំបរិក្ខារអគ្គិសនីប្រើប្រាស់ជាប្រចាំផ្សេងទៀត
,9522(1),,ការជួសជុលប្រដាប់ប្រើប្រាស់ក្នុងផ្ទះ និងបរិក្ខារក្នុងផ្ទះនិងសួនច្បារ
,,95220,ការជួសជុល និងត្រួតពិនិត្យប្រដាប់ប្រើប្រាស់ក្នុងផ្ទះ រាប់បញ្ចូលទាំងបរិក្ខារក្នុងសួនច្បារ(២)
,9523,,ការជួសជុលវត្ថុធ្វើពីស្បែកនិងស្បែកជើង
,,95230,"ការជួសជុលវត្ថុធ្វើពីស្បែកនិងស្បែកជើង ដូចជាស្បែកជើងកវែង ស្បែកជើង 
កែងស្បែកជើង ហឹបដាក់ឥវ៉ាន់ឬខោអាវ និងវត្ថុប្រហាក់ប្រហែលនេះ"
,9524,,ការជួសជុលសង្ខារិមនិងគ្រឿងតុទូក្នុងផ្ទះ 
,,95240,ការជួសជុលសង្ខារិមនិងគ្រឿងតុទូក្នុងផ្ទះ(៣)
,9529(1),,ការជួសជុលទំនិញប្រើប្រាស់ផ្ទាល់ខ្លួននិងក្នុងផ្ទះ​ ដែលមិនបានរាប់បញ្ចូល
,,95291,ការជួសជុលកង់
,,95292,ការកែសម្រួលសំលៀកបំពាក់
,,95293,ការជួសជុល និងកែច្នៃគ្រឿងអលង្ការ
,,95299,ការជួសជុលទំនិញប្រើប្រាស់ផ្ទាល់ខ្លួននិងក្នុងផ្ទះផ្សេងទៀតដែលមិនបានរាប់បញ្ចូល(២)
960,,,សកម្មភាពសេវាកម្មផ្ទាល់ខ្លួនផ្សេងទៀត
,9601(1),,"ការបោកគក់និង(សម្ងួត), ការសម្អាតផលិតផលវាយនភ័ណ្ឌ និងផលិតដលរោមសត្វ (559)"
,,96011,ការបោកសម្អាតសម្លៀកបំពាក់ និងបោកអ៊ុតស្ងួតរហ័ស។ល។ 
,,96019,ការបោកគក់និងសម្អាតផលិតផលវាយនភណ្ឌ ដែលពុំបានរាប់បញ្ចូល
,9602(2),,អ៊ុតសក់និងការថែរក្សាសម្ផស្សផ្សេងទៀត
,,96020,អ៊ុតសក់និងការថែរក្សាសម្ផស្សផ្សេងទៀត
,9603(3),,សកម្មភាពបុណ្យសព និងសកម្មភាពពាក់ព័ន្ធនឹងសាកសពមនុស្សឬសត្វ និងសកម្មភាពពាក់ព័ន្ធនានា 
,,96030,សកម្មភាពបុណ្យសពមនុស្ស(ឬសត្វ)និងសកម្មភាពពាក់ព័ន្ធនានា
,9609(4),,សកម្មភាពសេវាកម្ម ដទៃទៀតដែលពុំបានរាប់បញ្ចូល
,,96091,ការធ្វើសរសៃជើង កន្លែងធ្វើសរសៃ។ល។
,,96092,សកម្មភាពហោរាសាស្ត្រនិងចិត្តសាស្ត្រ
,,96093,សកម្មភាពសង្គម ដូចជាការិយាល័យណែនាំដៃគូរៀបអាពាហ៍ពិពាហ៍ សេវាកម្មហែហម សេវាកម្មស្វែងរកដៃគូ 
,,96094,សេវាកម្មថែរក្សាសត្វចិញ្ចឹម(៥)
,,96099,សកម្មភាពសេវាកម្ម ដទៃទៀតដែលពុំបានរាប់បញ្ចូល(៦)
970,,,សកម្មភាពគ្រួសារជានិយោជិករបស់បុគ្គលិកធ្វើការតាមផ្ទះ
,9700(1),,សកម្មភាពគ្រួសារជានិយោជិករបស់បុគ្គលិកធ្វើការតាមផ្ទះ
,,97000,សកម្មភាពគ្រួសារជានិយោជិករបស់បុគ្គលិកធ្វើការតាមផ្ទះ(២)
981,,,សកម្មភាពផលិតទំនិញដែលមិនអាចញែកដាច់ពីគ្នា របស់គ្រួសារឯកជនសម្រាប់ប្រើប្រាស់ផ្ទាល់ខ្លួន
,9810,,សកម្មភាពផលិតទំនិញដែលមិនអាចញែកដាច់ពីគ្នា របស់គ្រួសារឯកជនសម្រាប់ប្រើប្រាស់ផ្ទាល់ខ្លួន
,,98100,សកម្មភាពផលិតទំនិញដែលមិនអាចញែកដាច់ពីគ្នា របស់គ្រួសារឯកជនសម្រាប់ប្រើប្រាស់ផ្ទាល់ខ្លួន
982,,,សកម្មភាពផ្គត់ផ្គង់សេវាកម្មដែលមិនអាចញែកដាច់ពីគ្នា របស់គ្រួសារឯកជនសម្រាប់ប្រើប្រាស់ផ្ទាល់ខ្លួន
,9820,,សកម្មភាពផ្គត់ផ្គង់សេវាកម្មដែលមិនអាចញែកដាច់ពីគ្នា របស់គ្រួសារឯកជនសម្រាប់ប្រើប្រាស់ផ្ទាល់ខ្លួន
,,98200,សកម្មភាពផ្គត់ផ្គង់សេវាកម្មដែលមិនអាចញែកដាច់ពីគ្នា របស់គ្រួសារឯកជនសម្រាប់ប្រើប្រាស់ផ្ទាល់ខ្លួន
990,,,សកម្មភាពរបស់អង្គការ និងស្ថាប័នអន្តរជាតិ
,9900,,សកម្មភាពរបស់អង្គការ និងស្ថាប័នអន្តរជាតិ
,,99000,សកម្មភាពរបស់អង្គការ និងស្ថាប័នអន្តរជាតិ(១)
